CellID,Center_X,Center_Y,Center_Z,MeanROIIntensity,MeanNeighborhoodIntensity,MetricValue,UserLabel,roiSeen
1,1693.78271604938,705.86049382716,4.88271604938272,150.460494995117,144.550003051758,1.04088890552521,0,0
2,1582.6095890411,884.203767123288,4.76369863013699,140.491439819336,144.717742919922,0.970796227455139,0,0
3,1580.59069767442,903.896511627907,4.56279069767442,137.941864013672,139.025024414062,0.992208898067474,0,0
4,1546.53597650514,967.461086637298,3.93685756240822,132.613800048828,138.192016601562,0.959634304046631,0,0
5,1850.92857142857,982.611111111111,3.06349206349206,146.785720825195,143.952377319336,1.01968252658844,0,0
6,1745.52076677316,1016.12619808307,4.99680511182109,148.450485229492,140.363433837891,1.05761504173279,0,0
7,1204.28414580588,1058.93675889328,7.90162494510321,145.880111694336,142.733169555664,1.02204775810242,0,0
8,1667.55585831063,1144.55858310627,4.02724795640327,143.141693115234,143.627456665039,0.996617913246155,0,0
9,1498.14979757085,1233.43724696356,3.50202429149798,134.720642089844,141.274337768555,0.953610122203827,0,0
10,1650.10028449502,1338.05903271693,5.68990042674253,128.443817138672,137.634506225586,0.933223962783813,0,0
11,1204.44957983193,1362.03921568627,4.68767507002801,138.252105712891,134.755767822266,1.02594578266144,0,0
12,1293.04568527919,1403.94923857868,3.76142131979695,144.690353393555,142.870971679688,1.01273441314697,0,0
13,1181.66384615385,1419.91384615385,6.60846153846154,143.01692199707,138.809860229492,1.03030812740326,0,0
14,1572.01515151515,728.424242424242,4,150.454544067383,149.5,1.00638496875763,0,0
15,1525.05479452055,747.767123287671,4,161.424652099609,152.828567504883,1.05624663829803,0,0
16,1720.73741007194,767.655395683453,7.77697841726619,148.810791015625,141.321411132812,1.05299532413483,0,0
17,1272.46478873239,800.647887323944,4,143.732391357422,144.793106079102,0.992674291133881,0,0
18,1621.95272727273,824.701818181818,4.48,149.090911865234,143.951721191406,1.03570079803467,0,0
19,1449.47470817121,845.326848249027,5.06225680933852,147.287933349609,146.947372436523,1.00231754779816,0,0
20,1280.891966759,867.565096952909,5.00831024930748,138.753463745117,134.995147705078,1.02784037590027,0,0
21,1293.27751196172,993.66985645933,6.52392344497608,138.033493041992,137.752014160156,1.00204336643219,0,0
22,1718.244,1051.864,6.071,150.72200012207,144.068420410156,1.04618346691132,0,0
23,1241.83333333333,1086.60416666667,4.47916666666667,151.33332824707,147.441177368164,1.0263979434967,0,0
24,1637.08455882353,1108.87867647059,4.54411764705882,153.922790527344,142.449996948242,1.08053910732269,0,0
25,1595.31304347826,1109.70434782609,4,156.817398071289,147.658538818359,1.06202733516693,0,0
26,1251.64680483592,1135.48100172712,6.04490500863558,146.360961914062,144.019882202148,1.01625525951385,0,0
27,1630.74528301887,1167.66037735849,4,147.849060058594,138.131576538086,1.07034945487976,0,0
28,1730.23544303797,1172.07594936709,5.08607594936709,151.825317382812,144.582672119141,1.05009341239929,0,0
29,1267.35480673935,1208.51040634291,7.13478691774034,139.952423095703,142.146438598633,0.984565079212189,0,0
30,1677.24550128535,1225.47172236504,5.40616966580977,154.001281738281,148.00178527832,1.04053664207458,0,0
31,1192.7619047619,1309.61904761905,6.45304232804233,137.44775390625,140.850219726562,0.975843369960785,0,0
32,1664.81395348837,1423.09302325581,4,144.472869873047,137.794876098633,1.04846334457397,0,0
33,1371.85401459854,1456.93430656934,4.39416058394161,151.554748535156,140.375,1.07964205741882,0,0
34,1492.11707317073,1513.3674796748,5.99024390243902,144.892684936523,139.279998779297,1.04029786586761,0,0
35,1378.93892045455,1554.29119318182,6.17897727272727,129.721588134766,133.846878051758,0.969179034233093,0,0
36,1159.39583333333,671.493055555556,5,150.326385498047,151.4375,0.992662906646729,0,0
37,1451.34631147541,709.118852459016,6.68237704918033,187.528686523438,150.173461914062,1.24874722957611,1,1
38,1122.25609756098,719.829268292683,5,153.219512939453,152.142852783203,1.0070766210556,0,0
39,1572.44827586207,728.505747126437,5.20114942528736,149.25862121582,144.979064941406,1.02951848506927,0,0
40,1524.96,749.242352941176,6.94352941176471,147.383529663086,144.867431640625,1.01736831665039,0,0
41,1272.6626984127,801.218253968254,5.50793650793651,149.325393676758,144.517852783203,1.03326606750488,0,0
42,1404.65510597303,810.969171483622,6.39306358381503,147.402694702148,148.245208740234,0.994316756725311,0,0
43,1232.97683397683,819.644787644788,5.94980694980695,145.359069824219,144.144515991211,1.00842595100403,0,0
44,948.171075837742,856.834215167548,5.85890652557319,135.075836181641,135.293197631836,0.998393416404724,0,0
45,1551.14659685864,850.811518324607,5.90575916230366,143.675399780273,141.75,1.01358306407928,0,0
46,1399.05325443787,908.009861932939,7.0138067061144,134.748519897461,139.015258789062,0.969307422637939,0,0
47,1677.49425287356,923.67816091954,5,142.873565673828,140.411758422852,1.01753282546997,0,0
48,1672.09514563107,953.009708737864,6.53009708737864,139.700973510742,138.107559204102,1.01153743267059,0,0
49,1850.85365853659,981.768292682927,5,147.926834106445,143.076919555664,1.03389728069305,0,0
50,1216.62256809339,990.68093385214,7.43093385214008,144.385208129883,139.302307128906,1.03648829460144,0,0
51,1098.65254237288,1036.60593220339,5.69067796610169,147.894073486328,141.955230712891,1.04183602333069,0,0
52,1144.36269430052,1083.9585492228,6.01554404145078,150.246109008789,141.733673095703,1.06005942821503,0,0
53,1243.96626984127,1084.82738095238,7.43849206349206,151.444442749023,144.784317016602,1.04600036144257,0,0
54,1597.3622754491,1110.23053892216,5.4311377245509,153.389221191406,146.982345581055,1.04358947277069,0,0
55,1660.939453125,1132.638671875,6.029296875,150.29296875,146.67692565918,1.02465307712555,0,0
56,1631.56843403206,1167.39704069051,6.78914919852035,143.743530273438,142.465118408203,1.00897347927094,0,0
57,1601.36956521739,1176.13043478261,5,129.228256225586,139.75,0.924710214138031,0,0
58,1334.625,1213.88994565217,6.42663043478261,138.716033935547,143.112869262695,0.969277143478394,0,0
59,1598.53333333333,1216.56,5,161.160003662109,151.476196289062,1.06392955780029,0,0
60,1499.88571428571,1230.89047619048,6.43095238095238,138.879760742188,141.319061279297,0.98273903131485,0,0
61,1180.54982206406,1242.92526690391,7.09074733096085,144.071166992188,143.218460083008,1.00595390796661,0,0
62,1062.81181619256,1248.02625820569,6.13785557986871,144.932159423828,138.301544189453,1.04794323444366,0,0
63,1126.25961538462,1265.48076923077,5.89423076923077,124.192306518555,130.326080322266,0.95293515920639,0,0
64,1096.63815789474,1307.625,5,131.118423461914,140.035720825195,0.936321258544922,0,0
65,1768.73173173173,1342.48148148148,6.64464464464464,128.961959838867,135.89094543457,0.949010670185089,0,0
66,1327.58064516129,1343.32258064516,5,143.784942626953,142.407409667969,1.0096732378006,0,0
67,1439.452,1344.896,5.448,134.108001708984,137.284088134766,0.976864874362946,0,0
68,1056.44411764706,1349.78823529412,5.52352941176471,141.008819580078,135.839416503906,1.03805530071259,0,0
69,1235.2138996139,1381.15366795367,8.25868725868726,134.579147338867,138.073028564453,0.974695384502411,0,0
70,1555.24931506849,1387.01643835616,5.83013698630137,139.391784667969,140.981597900391,0.988723278045654,0,0
71,1293.71304347826,1403.48260869565,6.47971014492754,140.526092529297,139.758361816406,1.00549328327179,0,0
72,1343.8547008547,1418.33333333333,5.44017094017094,148.534194946289,140.79167175293,1.05499279499054,0,0
73,1667.18079096045,1423.22316384181,5.48305084745763,144.737289428711,135.214279174805,1.07042908668518,0,0
74,1770.03780487805,1426.38170731707,7.04390243902439,137.729263305664,135.555892944336,1.01603305339813,0,0
75,1506.78260869565,1443.1884057971,5,152.913040161133,149.305557250977,1.02416169643402,0,0
76,1370.44712430427,1455.21521335807,7.20037105751392,147.35807800293,139.814331054688,1.05395543575287,0,0
77,1233.41218637993,1461.43279569892,9.43458781362007,146.672943115234,136.654968261719,1.07330858707428,0,0
78,1559.26653102747,1466.49033570702,7.16988809766022,143.526962280273,138.027740478516,1.03984141349792,0,0
79,1237.70962732919,1478.2049689441,6.46894409937888,145.982925415039,135.549209594727,1.07697367668152,0,0
80,1417.67346938776,1500.63945578231,6.51020408163265,142.918365478516,140.128707885742,1.01990783214569,0,0
81,1469.56018518519,1519.05555555556,6.1087962962963,148.986114501953,140.004119873047,1.06415522098541,0,0
82,1086.79233226837,646.239616613419,6.5591054313099,146.607025146484,145.672271728516,1.00641679763794,0,0
83,1160.55445544554,673.32531824611,6.96746817538897,149.541732788086,146.110076904297,1.02348673343658,0,0
84,1228.41501103753,717.721854304636,7.07064017660044,145.882995605469,144.258285522461,1.01126253604889,0,0
85,1121.5641025641,720.965034965035,7.00699300699301,151.857803344727,146.743896484375,1.03484916687012,0,0
86,1572.61627906977,729.709302325581,6.41860465116279,150.627914428711,143.559997558594,1.04923319816589,0,0
87,1337.85321100917,750.798165137615,6,145.972473144531,144.744186401367,1.00848591327667,0,0
88,1113.11244377811,776.074962518741,7.02848575712144,146.1064453125,147.881942749023,0.987993836402893,0,0
89,1746.48717948718,817.549450549451,6.54578754578755,148.186813354492,139.268569946289,1.06403625011444,0,0
90,1621.17491749175,829.945544554455,7.71947194719472,142.097366333008,143.799179077148,0.988165378570557,0,0
91,1162.97959183673,834.836734693878,6,150.438781738281,149.882354736328,1.00371241569519,0,0
92,1660.67415730337,844.398073836276,7.62279293739968,144.810592651367,142.310348510742,1.0175689458847,0,0
93,1431.92608695652,902.317391304348,7.50652173913043,139.273910522461,139.622146606445,0.997505843639374,0,0
94,1676.66428571429,928.3,6,164.342849731445,154.466659545898,1.06393730640411,0,0
95,1250.53862212944,932.624217118998,6.96659707724426,136.89143371582,137.631362915039,0.994623839855194,0,0
96,1755.7380952381,986.798534798535,7.16117216117216,145.065933227539,140.069305419922,1.03567254543304,0,0
97,1279.35537190083,1000.81818181818,6,149.049591064453,141.914291381836,1.05027890205383,0,0
98,1418.05555555556,1027.72222222222,6,146.527770996094,141.803924560547,1.03331255912781,0,0
99,1526.33426183844,1055.14066852368,7.57033426183844,144.136489868164,141.648544311523,1.01756417751312,0,0
100,2047.73563218391,1091.43573667712,8.00835945663532,147.029251098633,139.519149780273,1.0538284778595,0,0
101,1638.85876623377,1109.88798701299,6.92694805194805,150.858764648438,145.298965454102,1.03826451301575,0,0
102,966.404982206406,1116.83629893238,8.87900355871886,130.935943603516,136.992294311523,0.955790579319,0,0
103,1603.22535211268,1177.48679577465,8.60915492957746,134.667251586914,141.929733276367,0.948830425739288,0,0
104,1406.85908319185,1179.94567062818,9.60950764006791,129.58659362793,138.867706298828,0.933165788650513,0,0
105,1708.88168557536,1205.75364667747,7.0291734197731,144.3857421875,143.707550048828,1.00471925735474,0,0
106,1598.22222222222,1216.2037037037,6.43055555555556,155.263885498047,144.538467407227,1.07420456409454,0,0
107,1552.075,1274.95,6,163.399993896484,147.66667175293,1.10654616355896,0,0
108,1590.22666666667,1298.33688888889,8.848,129.184005737305,139.616455078125,0.925277769565582,0,0
109,1096.0376344086,1302.89247311828,6.37634408602151,135.478500366211,136.697677612305,0.991081237792969,0,0
110,1328.47288135593,1342.70677966102,7.4728813559322,134.998306274414,139.965270996094,0.964512884616852,0,0
111,1458.64210526316,1345,6.66315789473684,134.378952026367,137.714279174805,0.975780844688416,0,0
112,1646.30155979203,1355.40901213172,8.00693240901213,138.301559448242,137.641021728516,1.00479900836945,0,0
113,1139.4,1361.36666666667,6,146.655548095703,144.16667175293,1.01726388931274,0,0
114,1372.21804511278,1437.83709273183,7.90476190476191,144.60400390625,138.959426879883,1.04062032699585,0,0
115,1506.44708423326,1439.74298056155,6.8963282937365,147.386611938477,139.768783569336,1.05450308322906,0,0
116,1285.03448275862,1459.79310344828,7.12539184952978,145.946701049805,139.910659790039,1.04314208030701,0,0
117,1285.58139534884,1480.6976744186,6,148.837203979492,147.962966918945,1.00590848922729,0,0
118,1528.77987421384,1521.75681341719,7.58071278825996,146.446548461914,135.598007202148,1.08000516891479,0,0
119,1422.52166377816,1528.9150779896,7.99133448873483,142.696701049805,140.128143310547,1.01833009719849,0,0
120,1337.35139318885,750.791021671827,7.9953560371517,147.383895874023,139.802673339844,1.05422806739807,0,0
121,1406.21235521236,773.563706563707,7.52123552123552,142.934356689453,139.866073608398,1.021937251091,0,0
122,1612.95143212951,780.453300124533,8.47820672478207,141.83561706543,143.625,0.987541258335114,0,0
123,1205.63091922006,778.83426183844,8.49442896935933,147.764617919922,143.095062255859,1.03263258934021,0,0
124,1531.77777777778,790.403846153846,8.10042735042735,146.344024658203,146.553100585938,0.998573362827301,0,0
125,1289.7037037037,797.145969498911,7.9760348583878,144.198257446289,140.455932617188,1.02664411067963,0,0
126,1164.5493697479,837.091386554622,9.05567226890756,145.068283081055,142.366149902344,1.01898014545441,0,0
127,1500.43891402715,850.16742081448,7.95475113122172,140.8642578125,142.063491821289,0.991558492183685,0,0
128,1394.12371134021,860.907216494845,7,143.381439208984,142.533340454102,1.00595021247864,0,0
129,1678.10869565217,924.728260869565,7,146.989135742188,137.25,1.07095909118652,0,0
130,1542.54177897574,963.299191374663,7.42318059299191,133.587600708008,137.878311157227,0.968880474567413,0,0
131,1282.39085545723,999.489675516224,8.46607669616519,147.165191650391,139.26481628418,1.05672919750214,0,0
132,1587.34328358209,999.522388059701,7.51243781094527,144.328353881836,140.60758972168,1.02646207809448,0,0
133,1076.91195652174,1022.11195652174,8.81847826086956,136.168472290039,135.405059814453,1.0056380033493,0,0
134,1475.07106598985,1051.13324873096,9.32360406091371,139.625640869141,138.868011474609,1.00545573234558,0,0
135,1478.06153846154,1049.6,7,140.215377807617,137.33332824707,1.0209858417511,0,0
136,1639.73367875648,1063.5689119171,8.96787564766839,148.458038330078,142.820220947266,1.03947496414185,0,0
137,1586.54285714286,1127.49285714286,7,155.892852783203,146.660720825195,1.06294894218445,0,0
138,1312.01818181818,1177.2,7,130.927276611328,133.318176269531,0.982066214084625,0,0
139,1676.88070175439,1194.01929824561,9.10175438596491,145.931579589844,142.605987548828,1.02332019805908,0,0
140,1192.54545454545,1239.30707070707,8.56969696969697,141.282821655273,139.382568359375,1.01363337039948,0,0
141,1127.77607361963,1265.48466257669,7.53680981595092,128.288345336914,134.427352905273,0.954332172870636,0,0
142,1277.38359201774,1298.16297117517,8.50554323725055,128.671844482422,138.68473815918,0.927801012992859,0,0
143,1441.16203703704,1342.19907407407,8.01851851851852,134.976852416992,136.082015991211,0.991878688335419,0,0
144,1055.40983606557,1349.53278688525,7,143.90983581543,137.5,1.04661703109741,0,0
145,1459.21641791045,1358.5,7.86567164179105,136.932830810547,138.106735229492,0.991500020027161,0,0
146,1064.18292682927,1369.56097560976,8.57164634146342,134.934448242188,135.988723754883,0.992247343063354,0,0
147,1555.89451476793,1385.26019690577,8.76371308016878,137.590713500977,137.823623657227,0.998310089111328,0,0
148,1693.71283354511,1405.58958068615,8.43329097839898,140.142318725586,137.06103515625,1.02248108386993,0,0
149,1547.24767540152,1459.92476754015,9.91293322062553,141.180053710938,139.108245849609,1.01489353179932,0,0
150,1284.92660550459,1477.88073394495,7.50917431192661,148.600921630859,137.941177368164,1.07727742195129,0,0
151,1229.07142857143,1529.03571428571,7.42857142857143,146.25,133.015625,1.09949493408203,0,0
152,1100.5406504065,683.979674796748,9.05487804878049,146.288619995117,141.342468261719,1.03499412536621,0,0
153,1744.92,695.438,9.09,148.901992797852,138.552352905273,1.07469844818115,0,0
154,1112.17857142857,708.642857142857,8,141.035720825195,141.162155151367,0.99910432100296,0,0
155,1636.2375,730.520833333333,9.16458333333333,143.170837402344,140.115524291992,1.02180564403534,0,0
156,1633.18918918919,734.378378378378,8,142.981979370117,135.46875,1.05546092987061,0,0
157,1324.11513583441,792.7425614489,10.2005174644243,142.342819213867,136.745529174805,1.04093217849731,0,0
158,1247.95925925926,795.533333333333,9.04814814814815,141.111114501953,139.622634887695,1.01066076755524,0,0
159,1422.34074074074,812.474074074074,9.07777777777778,143.774078369141,143.793334960938,0.99986606836319,0,0
160,1514.26272912424,820.122199592668,9.35641547861507,143.250503540039,143.562896728516,0.997824013233185,0,0
161,1190.81481481481,847.444444444444,8,148.148147583008,146.33332824707,1.01240193843842,0,0
162,1395.19620253165,862.867088607595,8,143.208862304688,143.313720703125,0.999268352985382,0,0
163,1366.24157303371,865.047752808989,8.44662921348315,131.443817138672,137.691360473633,0.954626441001892,0,0
164,1587.45283018868,860.22641509434,8,138.830184936523,136.611114501953,1.01624369621277,0,0
165,1452.66574585635,945.46408839779,8.51657458563536,136.886734008789,139.16291809082,0.983643770217896,0,0
166,1563.57967032967,960.39010989011,9.01648351648352,133.752746582031,137.485214233398,0.972851872444153,0,0
167,1048.22518159806,1012.45036319613,9.57142857142857,141.458831787109,134.466567993164,1.05200004577637,0,0
168,1549.75322580645,1030.13870967742,9.05645161290323,142.441940307617,138.103576660156,1.03141379356384,0,0
169,995.053543307087,1056.00157480315,9.02834645669291,141.266143798828,138.545837402344,1.01963472366333,0,0
170,1626.13383297645,1053.63276231263,10.3811563169165,144.270874023438,140.301940917969,1.02828848361969,0,0
171,1304.39240506329,1085.95780590717,8.49789029535865,150.244720458984,142.118804931641,1.05717694759369,0,0
172,1071.89779874214,1109.25157232704,9.41352201257862,142.5927734375,137.700393676758,1.03552913665771,0,0
173,1833.63354037267,1110.07453416149,8,140.260864257812,139.316665649414,1.00677740573883,0,0
174,1608.74392935982,1111.76821192053,9.16335540838852,144.953643798828,143.568801879883,1.009645819664,0,0
175,1663.38541666667,1138.31597222222,8,147.569442749023,145.466659545898,1.01445543766022,0,0
176,1621.03996366939,1165.5540417802,9.98910081743869,137.857406616211,139.779281616211,0.986250638961792,0,0
177,1311.22727272727,1177.62587412587,9.51282051282051,137.250579833984,140.182830810547,0.979082643985748,0,0
178,1317.54810495627,1209.87172011662,8.98542274052478,149.886291503906,143.940887451172,1.04130446910858,0,0
179,1293.18597236982,1273.11902231668,10.480340063762,143.725830078125,139.057250976562,1.03357303142548,0,0
180,1219.78954607978,1296.16643741403,10.181568088033,131.713897705078,136.465545654297,0.965180575847626,0,0
181,1297.54455445545,1335.82068206821,10.0825082508251,123.962593078613,136.005981445312,0.911449551582336,0,0
182,1080.54721030043,1332.42918454936,9.1137339055794,134.08154296875,135.376922607422,0.990431308746338,0,0
183,1460.94805194805,1343.44155844156,8,145.155838012695,135.272720336914,1.07306063175201,0,0
184,1724.70396475771,1352.00440528634,11.5955947136564,128.218505859375,134.66340637207,0.952140688896179,0,0
185,1241.71174377224,1359.60735468565,10.1921708185053,131.902725219727,136.558410644531,0.965906977653503,0,0
186,1289.1013046815,1379.88411358404,10.4934765924789,134.76823425293,135.248992919922,0.99644535779953,0,0
187,1529.31952662722,1397.44970414201,8,134.36686706543,138.410263061523,0.970786869525909,0,0
188,1569.82142857143,1420.58928571429,8,152.053573608398,138.720001220703,1.09611856937408,0,0
189,1068.84923339012,1443.68568994889,10.6678023850085,134.149917602539,135.34423828125,0.991175711154938,0,0
190,1267.38888888889,1440.44444444444,8,151.111114501953,144.899993896484,1.0428649187088,0,0
191,1419.11363636364,1486.78099173554,9.03719008264463,146.485534667969,139.509384155273,1.05000483989716,0,0
192,1104.36234626301,1493.57899716178,9.98297067171239,140.537368774414,136.268325805664,1.03132820129395,0,0
193,1371.65698729583,1583.07259528131,9.61343012704174,140.393829345703,135.750717163086,1.03420317173004,0,0
194,1554.875,1617.51785714286,8,135.696426391602,139.9375,0.969693064689636,0,0
195,1407.04545454545,1622.36363636364,8,136.954544067383,140.71794128418,0.973255753517151,0,0
196,1143.86102719033,1624.63141993958,9.1631419939577,140.329299926758,135.607955932617,1.03481614589691,0,0
197,1035.92822966507,575.607655502392,9,136.167465209961,135.8125,1.0026136636734,0,0
198,1621.72075471698,588.044025157233,11.2553459119497,144.123275756836,140.117858886719,1.02858603000641,0,0
199,1817.6164874552,597.759856630824,9.46594982078853,139.222229003906,135,1.03127574920654,0,0
200,1705.975,674.766666666667,9,150.425003051758,140.550003051758,1.07025969028473,0,0
201,1718.59574468085,682.022913256956,10.4255319148936,148.415710449219,138.909790039062,1.06843233108521,0,0
202,1717.77027027027,685.067567567568,9,155.243240356445,140.5,1.10493409633636,0,0
203,1794.12628865979,703.105670103093,9.55670103092783,171.75,148.030700683594,1.16023230552673,0,0
204,1112.84854014599,707.810218978102,10.4251824817518,135.175186157227,138.495681762695,0.976024568080902,0,0
205,1642.11967213115,750.996721311475,10.0081967213115,140.804916381836,138.742736816406,1.01486337184906,0,0
206,1658.20238095238,761.178571428571,9,142.523803710938,130.730773925781,1.09020853042603,0,0
207,1493.43324250681,783.068119891008,9.47956403269755,134.196182250977,141.454544067383,0.948687672615051,0,0
208,1113.5881104034,783.273885350318,9.49469214437367,136.980895996094,136.814636230469,1.00121521949768,0,0
209,1754.35185185185,825.166666666667,9,146.388885498047,144.153839111328,1.01550459861755,0,0
210,1186.69805194805,847.970779220779,9.43831168831169,136.610382080078,135.324996948242,1.00949847698212,0,0
211,1665.90497737557,857.14479638009,9.51131221719457,139.674209594727,134.65625,1.03726494312286,0,0
212,1589.15523465704,860.888086642599,10.5324909747292,143.485565185547,142.178314208984,1.00919449329376,0,0
213,1189.41509433962,864.431266846361,9.62533692722372,139.956878662109,136.212310791016,1.02749061584473,0,0
214,1587.05555555556,887.483796296296,9.98611111111111,134.196762084961,137.741928100586,0.974262237548828,0,0
215,1151.82222222222,943.4,9,139.933334350586,132.909088134766,1.05285000801086,0,0
216,1846.65562913907,977.695364238411,9,136.668869018555,134.925918579102,1.01291787624359,0,0
217,1258.62771285476,989.200333889816,9.99332220367279,139.247085571289,136.767501831055,1.01812994480133,0,0
218,1756.42162162162,987.810810810811,9,137.713516235352,135.215377807617,1.01847529411316,0,0
219,1237.95144508671,995.662427745665,10.3445086705202,134.979187011719,132.82795715332,1.01619565486908,0,0
220,1521.30628517824,1002.96951219512,12.1519699812383,132.243438720703,133.92497253418,0.987444221973419,0,0
221,1585.88118811881,997.70297029703,9,140.425735473633,135.058822631836,1.03973758220673,0,0
222,1760.6875,1011.95,9,146.537506103516,136.633331298828,1.07248723506927,0,0
223,1404.05161290323,1101.45806451613,9.48387096774194,146.600006103516,137.754379272461,1.06421303749084,0,0
224,1834.46776406036,1108.93141289438,10.0068587105624,141.358032226562,135.906692504883,1.0401109457016,0,0
225,1663.17221418234,1167.20839363242,10.0868306801737,139.500717163086,139.295166015625,1.00147569179535,0,0
226,1613.70796460177,1209.91150442478,9.58407079646018,133.991149902344,141.451919555664,0.947255790233612,0,0
227,1623.1914893617,1248.58865248227,9,145.5673828125,140.383834838867,1.03692412376404,0,0
228,1127.06666666667,1263.67766323024,11.033676975945,115.256355285645,133.092391967773,0.865987539291382,0,0
229,1580.04347826087,1268.10997442455,10.0102301790281,172.578002929688,143.679565429688,1.20113110542297,1,1
230,1158.06546854942,1302.97689345315,10.5558408215661,123.50577545166,132.611511230469,0.931335270404816,0,0
231,991.891485809683,1309.25041736227,10.025041736227,125.746246337891,130.181137084961,0.965932905673981,0,0
232,1578.65644171779,1314.33946830266,10.5950920245399,138.33332824707,136.712875366211,1.01185297966003,0,0
233,1132.25779036827,1320.61331444759,10.6118980169972,112.274787902832,131.648773193359,0.852835834026337,0,0
234,1357.49597855228,1351.34048257373,10.0053619302949,137.32975769043,137.872344970703,0.99606454372406,0,0
235,1461.28985507246,1358.83937198068,10.5132850241546,137.30192565918,137.304122924805,0.9999840259552,0,0
236,1533.42875816993,1395.09281045752,10.5869281045752,135.273208618164,134.245727539062,1.00765371322632,0,0
237,1570.5,1420.49473684211,9.48947368421053,147.073684692383,136.693878173828,1.07593464851379,0,0
238,1286.03472222222,1457.94212962963,9.9537037037037,145.726852416992,138.451065063477,1.05255126953125,0,0
239,1533.74366197183,1466.72112676056,9.84507042253521,146.667602539062,138.308547973633,1.06043767929077,0,0
240,1286.33333333333,1476.875,9,158.91667175293,151,1.05242824554443,0,0
241,1337.68050314465,1486.19371069182,10.5584905660377,151.602508544922,137.347900390625,1.10378468036652,0,0
242,1012.19312796209,1507.65521327014,10.4940758293839,131.324645996094,135.466445922852,0.969425618648529,0,0
243,1499.17965367965,1550.58225108225,10.6298701298701,142.943725585938,137.151641845703,1.04223120212555,0,0
244,1226.43829787234,1581.07234042553,9.89787234042553,133.374465942383,130.552001953125,1.02161943912506,0,0
245,1413.36900369004,1619.25092250923,9,140.512908935547,136.953018188477,1.02599346637726,0,0
246,1477.21568627451,1615.13725490196,9,130.078430175781,137.91667175293,0.943166851997375,0,0
247,1410.6586059744,1665.9359886202,10.8705547652916,131.395446777344,134.05436706543,0.980165362358093,0,0
248,1038.77541729894,574.690440060698,11.0030349013657,129.789077758789,132.674499511719,0.978251874446869,0,0
249,1678.52763819095,624.381909547739,11.0050251256281,155.329986572266,139.959274291992,1.10982275009155,0,0
250,1513.10309278351,666.932989690722,10.5360824742268,143.463912963867,138.869567871094,1.03308391571045,0,0
251,1609.68824940048,671.414868105516,11.0815347721823,155.050354003906,144.561798095703,1.07255411148071,0,0
252,1566.69788519637,762.492447129909,10.5045317220544,142.776428222656,139.468612670898,1.02371728420258,0,0
253,1658.63319672131,761.454918032787,10.9733606557377,140.774597167969,138.759872436523,1.01451945304871,0,0
254,1413.07886435331,775.895899053628,10.4889589905363,139.432174682617,137.283187866211,1.01565372943878,0,0
255,1368.23293172691,872.29718875502,10,130.931732177734,135.301879882812,0.967700779438019,0,0
256,1372.58510638298,900.904255319149,10.2446808510638,443.702117919922,243.839996337891,1.81964457035065,1,1
257,1521.56818181818,928.55303030303,10,132.348480224609,133.888885498047,0.988494873046875,0,0
258,1416.84810126582,940.962025316456,10,138.784805297852,133.344833374023,1.04079627990723,0,0
259,1152.49717514124,943.457627118644,10.5028248587571,138.282485961914,134.015869140625,1.03183662891388,0,0
260,1841.06666666667,967.314285714286,10,128.890472412109,135.479995727539,0.951361656188965,0,0
261,1768.52727272727,964.218181818182,10,131.490905761719,128.384613037109,1.02419519424438,0,0
262,1179.3119266055,981.078636959371,11.3958060288336,133.520309448242,132.633651733398,1.00668501853943,0,0
263,1848.13235294118,979.419117647059,10,132.727935791016,138.173919677734,0.96058601140976,0,0
264,1600.52781211372,1012.88751545117,11.566131025958,137.642761230469,135.864135742188,1.0130912065506,0,0
265,1759.64102564103,1015.22051282051,10,140.738464355469,137.470581054688,1.02377152442932,0,0
266,1742.76614481409,1044.03228962818,11.0880626223092,146.376708984375,138.838027954102,1.05429840087891,0,0
267,1203.60723514212,1103.47028423773,11.1266149870801,144.894058227539,140.634414672852,1.03028881549835,0,0
268,1596.33764135703,1115.31017770598,10.9741518578352,145.894989013672,138.885879516602,1.05046665668488,0,0
269,1513.71662125341,1119.62125340599,11.1280653950954,142.918258666992,136.498428344727,1.04703223705292,0,0
270,1436.88831168831,1164.24155844156,11.0441558441558,134.922073364258,137.096923828125,0.984136402606964,0,0
271,1626.1640625,1246.0390625,10.529296875,139.8984375,141.005401611328,0.992149472236633,0,0
272,1687.88095238095,1244.0306122449,11.640589569161,143.071426391602,141.49821472168,1.01111829280853,0,0
273,1496.50458715596,1255.69724770642,10,137.862380981445,138.577774047852,0.994837582111359,0,0
274,1186.3417721519,1263.55696202532,10,146.44303894043,130.647064208984,1.12090575695038,0,0
275,1333.88888888889,1382.67592592593,10,141.462966918945,138.913040161133,1.01835632324219,0,0
276,1286.70491803279,1474.24590163934,10,158.163940429688,144.526321411133,1.09436082839966,0,0
277,1246.65794066318,1497.50261780105,11.5776614310646,146.556716918945,136.624557495117,1.07269668579102,0,0
278,1275.29718875502,1510.34136546185,11.0983935742972,143.753005981445,134.804489135742,1.06638145446777,0,0
279,1294.34931506849,1535.93721461187,11.9052511415525,143.905258178711,131.430633544922,1.09491407871246,0,0
280,1180.210591133,1561.06280788177,11.7204433497537,136.49137878418,135.515396118164,1.00720202922821,0,0
281,1381.50819672131,1599.4262295082,10,138.459014892578,139.545455932617,0.992214441299438,0,0
282,1477.78846153846,1615.07211538462,10.5480769230769,146,135.160003662109,1.08020126819611,0,0
283,1408.97924528302,1620.08867924528,11.0754716981132,140.477355957031,137.536346435547,1.02138352394104,0,0
284,1371.71111111111,1645.08444444444,10.4844444444444,144.017776489258,135.742858886719,1.06096029281616,0,0
285,1209.57328990228,535.403908794788,11.4690553745928,132.547225952148,134.188568115234,0.987768411636353,0,0
286,1066.77179962894,584.124304267161,12.0204081632653,138.654922485352,132.107864379883,1.04955840110779,0,0
287,1603.73880597015,606.089552238806,11.9029850746269,144.126861572266,142.036590576172,1.01471638679504,0,0
288,1261.74626865672,673.194029850746,11.4888059701493,150.667907714844,141.065216064453,1.06807267665863,0,0
289,1252.06983240223,676.966480446927,12.5013966480447,144.357543945312,137.450973510742,1.05024755001068,0,0
290,964.033096926714,674.791962174941,12.0496453900709,139.302597045898,136.324157714844,1.02184820175171,0,0
291,1112.05479452055,691.559931506849,11.9897260273973,142.220886230469,138.172805786133,1.02929723262787,0,0
292,1293.2677532014,711.558789289872,12.6565774155995,142.209548950195,133.312286376953,1.06674003601074,0,0
293,1604.6163141994,727.555891238671,12.0574018126888,138.187316894531,135.011306762695,1.02352404594421,0,0
294,1610.53448275862,771.801724137931,11,141.844833374023,135.17073059082,1.04937529563904,0,0
295,1653.75613496933,784.653374233129,12.9141104294479,136.854293823242,135.72184753418,1.00834393501282,0,0
296,1083.18897637795,829.580052493438,11.992125984252,131.123352050781,137.158981323242,0.955995380878448,0,0
297,1297.1524822695,836.90780141844,11.4964539007092,140.985809326172,134.355773925781,1.04934680461884,0,0
298,1372.01666666667,855.583333333333,11,137.16667175293,136.16667175293,1.00734388828278,0,0
299,1452.15457413249,871.129337539432,12.1482649842271,131.227127075195,143.418807983398,0.914992451667786,0,0
300,1523.25462962963,928.098765432099,12.0416666666667,127.924385070801,133.065155029297,0.961366534233093,0,0
301,1589.95141700405,945.10661268556,12.5695006747638,133.218627929688,134.988952636719,0.98688542842865,0,0
302,1525.89962121212,962.964015151515,11.5094696969697,135.185607910156,134.655548095703,1.00393640995026,0,0
303,1766.3347826087,965.360869565217,11,129.782608032227,130.532470703125,0.994255363941193,0,0
304,1843.36090225564,972.467669172932,11.9774436090226,130.395492553711,130.417388916016,0.999832093715668,0,0
305,971.560364464692,1004.41002277904,13.3211845102506,135.284744262695,131.323715209961,1.03016233444214,0,0
306,1200.35555555556,1091.37777777778,11,148.800003051758,146.095245361328,1.01851367950439,0,0
307,1585.27966101695,1134.91101694915,11.521186440678,139.851699829102,135.182693481445,1.03453850746155,0,0
308,1614.84602076125,1208.55363321799,11.9498269896194,133.925598144531,139.608688354492,0.959292709827423,0,0
309,1057.71023965142,1211.06535947712,12.5664488017429,134.196075439453,135.272155761719,0.992045044898987,0,0
310,1866.36585365854,1222.37594617325,13.9629941126997,127.946174621582,130.260971069336,0.98222953081131,0,0
311,1265.575,1239.63333333333,11,145.658340454102,140.047622680664,1.04006290435791,0,0
312,1497.75510204082,1253.33333333333,11,138.891159057617,139,0.999216973781586,0,0
313,1184.29801324503,1253.59933774834,11.4271523178808,142.026489257812,137.32177734375,1.03426051139832,0,0
314,1609.75764705882,1325.74117647059,12.1435294117647,139.310592651367,136.301513671875,1.02207660675049,0,0
315,1058.81805157593,1345.70343839542,12.580229226361,126.862464904785,130.025421142578,0.975674331188202,0,0
316,1208.58832335329,1366.45209580838,13.8517964071856,129.702102661133,134.077438354492,0.967367112636566,0,0
317,1495.79565217391,1366.48913043478,12.3826086956522,132.430435180664,133.541107177734,0.991682946681976,0,0
318,1333.37962962963,1381.80864197531,11.4969135802469,140.555557250977,137.723526000977,1.02056312561035,0,0
319,1387.56962025316,1405.61518987342,11.5721518987342,140.23291015625,137.269897460938,1.02158534526825,0,0
320,1172.0390070922,1415.70567375887,12.4946808510638,144.021270751953,135.125,1.06583738327026,0,0
321,1270.86697965571,1421.65414710485,12.0266040688576,143.560256958008,133.885986328125,1.07225751876831,0,0
322,1506.92405063291,1418.99367088608,11.496835443038,140.35758972168,134.21875,1.0457376241684,0,0
323,1194.08652657602,1432.19283065513,12.6378244746601,138.684799194336,136.214279174805,1.01813697814941,0,0
324,1431.50130548303,1471.91775456919,13.1644908616188,140.280685424805,137.200729370117,1.02244853973389,0,0
325,1420.4,1486.225,11,146.341659545898,135.153839111328,1.0827784538269,0,0
326,1190.8813559322,1500.14285714286,11.5278450363196,142.430999755859,136.089202880859,1.04660034179688,0,0
327,1423.69736842105,1516.82894736842,11,144.157897949219,139.962966918945,1.02997171878815,0,0
328,1490.38418079096,1528.37288135593,12.2881355932203,142.330505371094,134.688934326172,1.05673491954803,0,0
329,1382.15339233038,1597.01474926254,11.976401179941,142.017700195312,135.983993530273,1.04437077045441,0,0
330,1325.27586206897,1619.20689655172,12.5615763546798,141.507385253906,131.106674194336,1.07933008670807,0,0
331,1146.42647058824,1621.73529411765,11,138.235290527344,134,1.03160667419434,0,0
332,1573.48128342246,1634.56417112299,12.0695187165775,135.320861816406,134.456726074219,1.00642681121826,0,0
333,1742.1223628692,579.105485232068,13.3966244725738,137.593536376953,133.213348388672,1.03288102149963,0,0
334,1466.11627906977,617.53488372093,12,143.930236816406,140.8125,1.02214109897614,0,0
335,1530.609375,644.3515625,12.7109375,149.46875,146.890411376953,1.01755285263062,0,0
336,1577.28869047619,672.869047619048,12.4910714285714,155.410720825195,144.908752441406,1.07247292995453,0,0
337,1611.57777777778,775.44,12,138.146667480469,137.084335327148,1.00774943828583,0,0
338,1389.4530075188,793.163533834586,13.0075187969925,139.590225219727,134.660125732422,1.03661143779755,0,0
339,1342.82436260623,791.124645892351,13.1558073654391,143.042495727539,137.201858520508,1.04256963729858,0,0
340,1422.36515513126,837.307875894988,13.1169451073986,134.603820800781,136.037292480469,0.989462673664093,0,0
341,1649.0025,842.6325,12.9175,140.537506103516,135.927841186523,1.03391253948212,0,0
342,1373.43043478261,856.721739130435,12.5086956521739,133.073913574219,134.707550048828,0.987872719764709,0,0
343,1696.82746478873,886.204225352113,12.4859154929577,132.809860229492,131.685043334961,1.00854170322418,0,0
344,1469.63188405797,931.014492753623,12.5159420289855,129.185501098633,136.820510864258,0.944196879863739,0,0
345,1767.60365853659,961.871951219512,12,131.262191772461,127.771430969238,1.02732038497925,0,0
346,1369.74789915966,1016.69537815126,12.4978991596639,141.054626464844,137.100845336914,1.02883851528168,0,0
347,1017.07165605096,1046.75955414013,13.1050955414013,138.697448730469,134.345138549805,1.03239643573761,0,0
348,1511.6149870801,1059.95219638243,13.5103359173127,137.518081665039,136.325469970703,1.00874829292297,0,0
349,1632.85483870968,1096.85483870968,12,146.338714599609,136.565216064453,1.07156658172607,0,0
350,1837.34545454545,1104.23636363636,12,141.309097290039,131.33332824707,1.07595765590668,0,0
351,1707.92576419214,1141.15829694323,13.3002183406114,141.049133300781,136.622344970703,1.03240168094635,0,0
352,1606.37192118227,1181.96551724138,13.5775862068966,139.124389648438,136.862518310547,1.01652657985687,0,0
353,1547.95605381166,1212.87713004484,14.6134529147982,129.116592407227,131.696182250977,0.980412542819977,0,0
354,1440.79310344828,1218.27586206897,12,137.120697021484,136.100006103516,1.00749957561493,0,0
355,1518.1512605042,1242.15546218487,12,136.126052856445,142.438781738281,0.955681085586548,0,0
356,1883.50121654501,1251.86618004866,12.5596107055961,133.559616088867,131.350769042969,1.01681637763977,0,0
357,1498.59918478261,1260.96059782609,13.59375,126.70516204834,130.602416992188,0.970159411430359,0,0
358,1108.02649006623,1268.79635761589,14.2516556291391,125.51490020752,130.188781738281,0.964099228382111,0,0
359,1593.4126984127,1294.820861678,12.9365079365079,137.782318115234,132.615386962891,1.03896176815033,0,0
360,1330.89035087719,1296.47368421053,12.4605263157895,137.188598632812,136.074081420898,1.00819051265717,0,0
361,1451.35279187817,1299.10279187817,13.6319796954315,121.725891113281,129.261169433594,0.941704988479614,0,0
362,947.814004376368,1302.40700218818,13.5426695842451,125.403717041016,127.923538208008,0.980302155017853,0,0
363,1570.18329177057,1385.37655860349,13.5224438902743,131.992523193359,133.361907958984,0.989731788635254,0,0
364,1638.18527918782,1440.42639593909,13.1015228426396,138.758880615234,136.590225219727,1.0158771276474,0,0
365,1565.0447761194,1458.18905472637,12.3731343283582,143.129348754883,139.696807861328,1.02457141876221,0,0
366,1377.69680851064,1480.29255319149,12.4840425531915,148.457443237305,139.196975708008,1.06652784347534,0,0
367,1412.02218700475,1482.88431061807,12.9635499207607,141.21711730957,137.835540771484,1.02453339099884,0,0
368,1474.03381642512,1498.14009661836,12.5024154589372,143.357482910156,136.45832824707,1.05055868625641,0,0
369,1251.37878787879,1595.69696969697,12,141.545455932617,132.95832824707,1.06458508968353,0,0
370,1291.5963401507,1604.08073196986,13.9601722282024,137.622177124023,129.286819458008,1.06447184085846,0,0
371,1364.49078947368,1604.75131578947,13.5394736842105,136.298690795898,134.362258911133,1.01441204547882,0,0
372,1430.85308056872,1626.02606635071,13.0568720379147,140.018951416016,135.873306274414,1.03051114082336,0,0
373,1472.92537313433,1638.26865671642,12,142.74626159668,139.282608032227,1.02486777305603,0,0
374,1373.26497277677,1642.10526315789,13.0925589836661,142.067153930664,135.232086181641,1.05054318904877,0,0
375,1354.03978779841,490.586206896552,13.4403183023873,135.694961547852,137.004257202148,0.990443408489227,0,0
376,1692.73434535104,528.719165085389,14.7950664136622,179.798858642578,155.099548339844,1.1592481136322,0,1
377,973.19,575.688333333333,13.9733333333333,135.38166809082,130.293411254883,1.0390522480011,0,0
378,1132.50877192982,598.59649122807,13,145.263153076172,140.956527709961,1.03055286407471,0,0
379,1603.50828729282,604.24861878453,13,145.480667114258,137.619995117188,1.0571186542511,0,0
380,1685.14179104478,666.731343283582,14.0124378109453,150.895523071289,137.631149291992,1.09637629985809,0,0
381,1263.15606936416,673.508670520231,13.485549132948,147.456649780273,136.969696044922,1.07656407356262,0,0
382,1267.07627118644,810.372881355932,13,139.169494628906,138.137924194336,1.00746762752533,0,0
383,1394.2096069869,824.318777292576,13.4934497816594,140.593887329102,137.317764282227,1.02385795116425,0,0
384,1176.11111111111,838.077777777778,13,136.144439697266,137.4375,0.990591645240784,0,0
385,1299.04901960784,839.401960784314,13,137.509811401367,136.050003051758,1.01072990894318,0,0
386,1730.29850746269,897.346268656716,13.4805970149254,131.811935424805,129.193099975586,1.02027070522308,0,0
387,1301.02387267905,900.900530503979,14.5981432360743,135.183029174805,130.626525878906,1.03488194942474,0,0
388,1429.2612244898,919.971428571429,13.5265306122449,129.469390869141,131.539123535156,0.984265267848969,0,0
389,1407.7802907916,922.513731825525,14.7108239095315,128.898223876953,132.256210327148,0.974609971046448,0,0
390,1535.96882494005,925.575539568345,13.9520383693046,128.208633422852,129.487396240234,0.990124404430389,0,0
391,1750.21135029354,943.29843444227,15.1829745596869,122.012718200684,127.062759399414,0.960255563259125,0,0
392,1294.17647058824,968.088235294118,13,141.058822631836,136.875,1.03056669235229,0,0
393,1231.30914826498,1011.16246056782,15.0110410094637,142.424285888672,135.68212890625,1.04969084262848,0,0
394,1304.06467661692,1073.90049751244,13,148.905471801758,142.843139648438,1.042440533638,0,0
395,1465.44810126582,1076.69620253165,13.5620253164557,140.860763549805,135.884948730469,1.03661787509918,0,0
396,1701.97067669173,1082.71578947368,15.1172932330827,146.243606567383,138.265365600586,1.05770242214203,0,0
397,1200.31409001957,1093.08610567515,14.4461839530333,139.784729003906,135.913467407227,1.02848327159882,0,0
398,989.601045296167,1094.16202090592,13.9895470383275,137.153305053711,132.369689941406,1.03613829612732,0,0
399,1635.06172839506,1096.98765432099,13,145.765426635742,141.368423461914,1.03110313415527,0,0
400,1225.24876237624,1104.93316831683,14.6435643564356,137.002471923828,136.288650512695,1.0052375793457,0,0
401,1323.57451403888,1115.44060475162,14.0518358531317,142.110153198242,138.808944702148,1.02378237247467,0,0
402,1585.18827160494,1134.13271604938,13.4537037037037,140.114196777344,135.856063842773,1.03134298324585,0,0
403,1031.07460960093,1154.13707345286,16.2544823597455,128.683639526367,129.642013549805,0.992607533931732,0,0
404,1647.14769975787,1167.11380145278,14.6404358353511,138.266342163086,134.830261230469,1.02548444271088,0,0
405,1289.43558282209,1184.24539877301,13,141.969329833984,134.116882324219,1.058549284935,0,0
406,1684.45505097312,1201.09731232623,14.6441149212234,137.968490600586,134.746566772461,1.0239109992981,0,0
407,1440.93506493506,1215.77272727273,13,135.987014770508,131.648147583008,1.03295803070068,0,0
408,1422.84482758621,1237.93103448276,13,122.853446960449,130.148147583008,0.943950772285461,0,0
409,1518.9324055666,1245.11530815109,13.5566600397614,134.025848388672,141.988739013672,0.943918883800507,0,0
410,1244.26535626536,1248.63144963145,14.8574938574939,135.911544799805,136.66667175293,0.994474709033966,0,0
411,1044.46279491833,1262.03629764065,14.0417422867514,126.816696166992,127.548645019531,0.99426144361496,0,0
412,1130.03263403263,1310.31468531469,13.1561771561772,117.214454650879,128.987808227539,0.908725082874298,0,0
413,1565.73178594455,1350.81947130883,15.8265635074146,125.127014160156,131.541641235352,0.951234996318817,0,0
414,1333.82692307692,1380.80769230769,13,138.538467407227,134.33332824707,1.03130376338959,0,0
415,1157.77977378576,1394.6753160346,16.7019294743846,133.521621704102,132.207443237305,1.00994026660919,0,0
416,1683.83561643836,1409.94520547945,13,140.705474853516,134.112899780273,1.04915690422058,0,0
417,1555.80141843972,1441.44680851064,13.5035460992908,144.141845703125,135.630767822266,1.06275177001953,0,0
418,1251.55209347614,1451.89678675755,14.3631937682571,142.50146484375,132.511337280273,1.07539069652557,0,0
419,1550.36046511628,1448.41279069767,13.9651162790698,142.261627197266,139.545455932617,1.01946437358856,0,0
420,1567.69846153846,1453.49846153846,13.6523076923077,143.320007324219,134.119720458984,1.06859755516052,0,0
421,1773.32265717675,1495.19335705813,13.9905100830368,136.925262451172,132.560348510742,1.03292775154114,0,0
422,1191.1847133758,1501.02229299363,13.4745222929936,143.563690185547,131.801986694336,1.08923768997192,0,0
423,1011.63392857143,1504.36607142857,13,127.125,130.65625,0.972972989082336,0,0
424,1277.42957746479,1507.98591549296,13,143.098587036133,134.592590332031,1.06319808959961,0,0
425,1354.80538302277,1521.61076604555,14,138.639755249023,133.793655395508,1.0362206697464,0,0
426,1492.43333333333,1525.775,14.2958333333333,136.074996948242,135.169158935547,1.00670146942139,0,0
427,1386.83318140383,1555.24886052871,16.1330902461258,139.923431396484,133.489730834961,1.04819619655609,0,0
428,1214.74525316456,1568.9335443038,14.4477848101266,136.933547973633,128.746994018555,1.06358635425568,0,0
429,1434.27272727273,1567.80519480519,13,152.31169128418,140.878784179688,1.08115422725677,0,0
430,1251.79801324503,1594.41059602649,13.8841059602649,140.950332641602,130.22297668457,1.08237683773041,0,0
431,1471.51485148515,1639.30198019802,13.9950495049505,142.695541381836,134.955307006836,1.05735409259796,0,0
432,1273.14912280702,1683.66885964912,14.6337719298246,131.45832824707,127.367645263672,1.03211712837219,0,0
433,1132.73553719008,599.859504132231,14,141.677688598633,137.345458984375,1.03154253959656,0,0
434,1002.47191011236,605.483146067416,14,142.179779052734,139.41667175293,1.01981902122498,0,0
435,1603.26041666667,606.822916666667,14,143.69792175293,138.419357299805,1.03813457489014,0,0
436,1646.78787878788,628.354312354312,15.1958041958042,163.067596435547,152.795455932617,1.06722807884216,0,0
437,1530.32116788321,643.788321167883,14,145.109481811523,139.488372802734,1.04029810428619,0,0
438,1577.08641975309,673.111111111111,14,166.024688720703,153.5,1.08159410953522,0,0
439,1883.30941704036,720.482810164425,14.9611360239163,132.502243041992,133.236846923828,0.994486510753632,0,0
440,1182.04597701149,736.141762452107,15.0114942528736,141.724136352539,136.223815917969,1.04037714004517,0,0
441,1651.16262975779,765.650519031142,14.4186851211073,140.204147338867,137.468078613281,1.01990330219269,0,0
442,1610.58108108108,774.537162162162,14.8547297297297,141.234802246094,137.067031860352,1.03040683269501,0,0
443,1714.48226950355,776.687943262411,14,144.985809326172,142.066665649414,1.020547747612,0,0
444,1441.28806584362,790.703703703704,14.4814814814815,134.279830932617,137.330581665039,0.977785348892212,0,0
445,1608.72696245734,812.122866894198,14.9761092150171,142.044372558594,134.578948974609,1.05547249317169,0,0
446,1200.50643086817,822.358520900322,15.08038585209,138.909973144531,135.329620361328,1.02645647525787,0,0
447,1175.86090225564,838.973684210526,14.5413533834586,133.620300292969,132.870971679688,1.00563955307007,0,0
448,1448.34586466165,876.246240601504,14.531954887218,147.415420532227,140.045684814453,1.0526237487793,0,0
449,1212.90740740741,945.43771043771,14.9949494949495,132.55387878418,130.853652954102,1.01299333572388,0,0
450,1479.14156626506,963.861445783133,14.5481927710843,135.036148071289,134.672409057617,1.00270092487335,0,0
451,1043.40934371524,999.864293659622,15.0467185761958,136.097885131836,132.748443603516,1.02523148059845,0,0
452,993.803542673108,1007.9806763285,15.1159420289855,139.006439208984,131.436782836914,1.05759155750275,0,0
453,1371.66037735849,1014.73113207547,14,143.075469970703,136.171051025391,1.05070400238037,0,0
454,1217.75682382134,1043.66253101737,15.9466501240695,140.681137084961,134.162155151367,1.04859030246735,0,0
455,1500.77261410788,1107.28713692946,16.1186721991701,138.51286315918,132.806869506836,1.04296457767487,0,0
456,1487.11202185792,1122.1029143898,15.6102003642987,137.832427978516,133.098327636719,1.03556847572327,0,0
457,1290.8567251462,1180.7514619883,14.5029239766082,140.733917236328,135.307342529297,1.04010558128357,0,0
458,1575.33957219251,1186.80080213904,15.6243315508021,140.497329711914,135.521362304688,1.03671717643738,0,0
459,1735.97408829175,1214.32917466411,15.5,142.238006591797,135.111114501953,1.05274832248688,0,0
460,1498.09855453351,1234.99868593955,15.742444152431,135.956634521484,133.807891845703,1.01605844497681,0,0
461,1423.5034965035,1236.36713286713,14.472027972028,126.965034484863,129.871795654297,0.977618217468262,0,0
462,1103.88172043011,1248.41935483871,14,129.634414672852,124.696968078613,1.03959560394287,0,0
463,1577.72240802676,1255.46153846154,14.5418060200669,139.494979858398,133.568969726562,1.04436671733856,0,0
464,1434.18207282913,1267.87114845938,14.4285714285714,121.532211303711,129.624420166016,0.937571883201599,0,0
465,1615.92226890756,1282.04621848739,14.9390756302521,129.523101806641,130.972320556641,0.988934934139252,0,0
466,1239.74783362218,1335.53812824957,15.8890814558059,127.51473236084,132.019317626953,0.965879321098328,0,0
467,1467.96947674419,1355.89244186047,15.7122093023256,183.928771972656,136.281646728516,1.34962248802185,0,1
468,1180.1530726257,1389.38659217877,16.1296089385475,132.560897827148,131.388534545898,1.00892281532288,0,0
469,1517.01181434599,1402.12320675105,16.1485232067511,130.334182739258,131.296569824219,0.992670118808746,0,0
470,1271.30731707317,1415.79024390244,14.4585365853659,140.936584472656,132.766983032227,1.06153333187103,0,0
471,1307.8679245283,1425.35849056604,14,155.75471496582,141.545455932617,1.10038650035858,0,0
472,1282.39603960396,1443.32673267327,14,141.772277832031,135.135589599609,1.04911136627197,0,0
473,1521.27272727273,1449.12987012987,14.3160173160173,143.047622680664,134.524139404297,1.0633602142334,0,0
474,1678.30864197531,1447.12345679012,14,142.432098388672,136.888885498047,1.0404942035675,0,0
475,1545.49693251534,1458.22699386503,14,138.128829956055,133.510635375977,1.03459048271179,0,0
476,1467.06078147612,1503.16642547033,14.9146164978292,138.897247314453,134.156723022461,1.03533565998077,0,0
477,1376.9674796748,1512.26829268293,15.4308943089431,140.952575683594,135.421508789062,1.0408433675766,0,0
478,1651.49285714286,1508,14.5392857142857,148.596435546875,135,1.10071432590485,0,0
479,1438.99049128368,1538.88748019017,14.9286846275753,140.527740478516,138.120635986328,1.0174275636673,0,0
480,1177.42307692308,1560.407239819,14.5113122171946,134.246612548828,130.325729370117,1.0300852060318,0,0
481,1515.59645232816,1628.68957871397,15.5432372505543,140.789352416992,132.701156616211,1.06095039844513,0,0
482,1354.76939203354,1704.78616352201,15.0440251572327,126.268341064453,128.271347045898,0.984384596347809,0,0
483,1283.85583524027,533.102974828375,16.0389016018307,136.226547241211,131.419692993164,1.03657639026642,0,0
484,1000.83650190114,604.201520912547,15.5627376425856,140.889739990234,133.986114501953,1.05152487754822,0,0
485,1715.41212121212,774.921212121212,15,145.727279663086,135.433334350586,1.07600748538971,0,0
486,1475.75218150087,813.520069808028,15.9895287958115,136.755676269531,138.037673950195,0.990712702274323,0,0
487,1422.21487603306,830.96694214876,15,137.239669799805,135.03125,1.01635491847992,0,0
488,1460.5119047619,828.464285714286,15,144.75,136.29167175293,1.06206047534943,0,0
489,1321.83937823834,836.927461139896,15.9481865284974,136.989639282227,130.863632202148,1.04681217670441,0,0
490,1507.78137651822,860.404858299595,15.4534412955466,129.696350097656,130.820510864258,0.991406857967377,0,0
491,1690.31137724551,886.389221556886,15.9790419161677,132.880233764648,128.862075805664,1.03118181228638,0,0
492,1097.3087431694,911.101775956284,17.1946721311475,120.325820922852,129.680191040039,0.927865862846375,0,0
493,1669.73994387278,927.299345182414,16.511693171188,129.273147583008,128.612823486328,1.00513422489166,0,0
494,1755.07365684575,976.564991334489,16.9809358752166,132.729629516602,129.224716186523,1.02712261676788,0,0
495,1778.2437357631,977.077448747153,16.0318906605923,131.198181152344,129.314819335938,1.01456415653229,0,0
496,1313.23857474826,989.932610379551,17.1735089078234,135.015487670898,130.866989135742,1.03170013427734,0,0
497,1211.98947368421,1021.27368421053,15,143.757888793945,133.035720825195,1.08059620857239,0,0
498,1745.06380208333,1031.7578125,16.5520833333333,142.53645324707,132.621551513672,1.07476091384888,0,0
499,1016.96774193548,1043.23655913978,15,137.188171386719,132.910263061523,1.03218638896942,0,0
500,1112.98421052632,1111.49736842105,15.4342105263158,134.071060180664,133.218490600586,1.00639975070953,0,0
501,1630.62576687117,1122.34969325153,15,144.717788696289,136.073165893555,1.06352925300598,0,0
502,1753.5597826087,1146.38043478261,15.920652173913,140.917388916016,134.048355102539,1.05124294757843,0,0
503,1585.11319218241,1162.58794788274,16.4405537459283,140.033386230469,133.809280395508,1.04651474952698,0,0
504,1737.80758807588,1162.31165311653,16.0813008130081,143.799453735352,136.477386474609,1.05365037918091,0,0
505,1391.40456273764,1174.32699619772,17.025855513308,129.864639282227,131.034530639648,0.991071879863739,0,0
506,1245.3407960199,1199.64925373134,15.9328358208955,134.715179443359,134.031600952148,1.00510013103485,0,0
507,1643.46753246753,1214.65171192444,16.0779220779221,134.07438659668,134.73747253418,0.995078682899475,0,0
508,1513.86721991701,1232.60165975104,15.551867219917,207.456436157227,142.952377319336,1.45122754573822,1,1
509,1516.9295154185,1247.50660792952,15.4647577092511,133.464752197266,132.932586669922,1.00400328636169,0,0
510,1103.8045112782,1246.76691729323,15.5,130.15412902832,129.407409667969,1.00577032566071,0,0
511,1646.61295971979,1276.45008756567,16.7705779334501,127.026268005371,129.365859985352,0.981914937496185,0,0
512,1508.25531914894,1281.06028368794,15.7375886524823,129.914886474609,130.875,0.992663860321045,0,0
513,1616.18333333333,1344.8,15,139.274993896484,133.352935791016,1.04440891742706,0,0
514,1187.86304909561,1361.54069767442,19.0607235142119,127.682167053223,131.109756469727,0.97385710477829,0,0
515,1394.23335883703,1395.16143840857,17.1499617444529,132.325164794922,131.990768432617,1.00253343582153,0,0
516,1307.7688172043,1424.17204301075,15.4677419354839,144.338714599609,132.310806274414,1.09090650081635,0,0
517,1636.40151515152,1427.99242424242,15,141.136367797852,133.285720825195,1.05890083312988,0,0
518,1282.14465408805,1441.36163522013,15.5408805031447,139.119491577148,132.327163696289,1.05132985115051,0,0
519,1553.8767550702,1446.20124804992,15.9235569422777,142.659912109375,133.733337402344,1.06674909591675,0,0
520,1678.47,1446.69,15.5466666666667,141.353332519531,132.267044067383,1.06869649887085,0,0
521,1566.64074074074,1456.95555555556,15,140.65185546875,134.898727416992,1.04264771938324,0,0
522,1444.65458015267,1453.4179389313,16.4828244274809,140.82633972168,133.811828613281,1.05242073535919,0,0
523,1514.70195272354,1461.01336073998,17.737923946557,137.229187011719,133.573715209961,1.02736675739288,0,0
524,1407.80487804878,1483.06341463415,15.4146341463415,141.551223754883,136.097091674805,1.04007530212402,0,0
525,1212.25951962507,1503.83889865261,18.833626244874,136.633270263672,131.678665161133,1.03762650489807,0,0
526,1292.34151329243,1547.9509202454,16.5828220858896,137.274032592773,127.818183898926,1.07397890090942,0,0
527,1353.37903225806,1616.77419354839,15,139.282257080078,132.528305053711,1.05096232891083,0,0
528,1423.04411764706,562.352941176471,16,144.04411315918,134.600006103516,1.0701642036438,0,0
529,1696.033632287,597.831838565022,16.5044843049327,144.096405029297,138.436248779297,1.04088640213013,0,0
530,1634.44246031746,627.005952380952,17.0198412698413,154.990081787109,148.012817382812,1.0471396446228,0,0
531,1717.69130434783,776.460869565217,16,149.59130859375,139.899993896484,1.06927311420441,0,0
532,1720.12648221344,810.537549407115,16.5296442687747,139.34782409668,130.072296142578,1.07131052017212,0,0
533,1272.33639143731,829.547400611621,17.0061162079511,200.865447998047,150.359375,1.33590233325958,1,1
534,1529.80872483221,863.077181208054,16.9664429530201,130.124160766602,127.588233947754,1.01987588405609,0,0
535,1668.73412698413,871.666666666667,16.547619047619,135.496032714844,128.528991699219,1.0542060136795,0,0
536,1211.52487562189,878.656716417911,16.9676616915423,130.445266723633,129.104293823242,1.01038670539856,0,0
537,1597.54903943377,905.110212335693,18.1961577350859,132.045501708984,131.318649291992,1.00553500652313,0,0
538,1218.47126436782,934.609195402299,16,130.396545410156,129.043472290039,1.01048541069031,0,0
539,1761.75310559006,998.515527950311,16.972049689441,133.8447265625,128.991897583008,1.03762114048004,0,0
540,1077.95633187773,1013.68122270742,16.5414847161572,136.200866699219,131.82243347168,1.03321468830109,0,0
541,1697.26086956522,1058.98354876616,17.4629847238543,142.81315612793,131.682144165039,1.08452939987183,0,0
542,1632.44810379242,1121.99500998004,17.4520958083832,139.791412353516,132.904693603516,1.05181694030762,0,0
543,1540.49033391916,1126.35940246046,17.530755711775,133.990341186523,135.078186035156,0.991946578025818,0,0
544,1878.78756476684,1223.80440414508,17.0984455958549,127.150260925293,126.509902954102,1.00506174564362,0,0
545,1042.28,1261.52,16,126.103996276855,128.857147216797,0.978634059429169,0,0
546,1620.47222222222,1344.79444444444,16,132.727783203125,132.868423461914,0.998941481113434,0,0
547,1211.76487252125,1364.00849858357,16.5524079320113,132.07649230957,130.463851928711,1.01236081123352,0,0
548,1566.97350993377,1389.58609271523,16,129.705291748047,131.644577026367,0.985268771648407,0,0
549,1456.55421686747,1417.66265060241,16,138.879516601562,132.296295166016,1.04976117610931,0,0
550,1300.17335766423,1451.73357664234,17.4981751824818,141.514602661133,132.193298339844,1.07051265239716,0,0
551,1565.37414965986,1453.52721088435,16.4591836734694,135.408157348633,132.954025268555,1.01845848560333,0,0
552,1421.62962962963,1466.15740740741,16,137.990737915039,135.904754638672,1.0153489112854,0,0
553,1104.02399232246,1483.47408829175,17.9510556621881,138.557586669922,130.199768066406,1.06419229507446,0,0
554,1318.96337308348,1494.87223168654,18.1209540034072,148.110733032227,132.493682861328,1.11787009239197,0,0
555,1517.43977591036,1518.07843137255,16.4873949579832,139.1064453125,134.869277954102,1.03141689300537,0,0
556,1405.58851674641,1525.37320574163,17,133.389953613281,132.452285766602,1.00707924365997,0,0
557,1231.95454545455,1556.90067340067,17.7053872053872,132.973068237305,129.519454956055,1.02666485309601,0,0
558,1330.00649350649,1561.87662337662,17.6796536796537,142.33332824707,129.354583740234,1.10033464431763,0,0
559,1477.15294117647,1576.28235294118,16,135.435287475586,131.853652954102,1.02716374397278,0,0
560,1121.31185031185,1577.97297297297,17.029106029106,137.640335083008,129.735076904297,1.06093382835388,0,0
561,1588.32269503546,1596.76241134752,16.5035460992908,142.858154296875,133.977783203125,1.06628239154816,0,0
562,1353.44298245614,1613.50657894737,16.9824561403509,135.026321411133,132.587249755859,1.01839601993561,0,0
563,1289.15789473684,1674.97368421053,16,125.013160705566,123.099998474121,1.01554155349731,0,0
564,1598.48717948718,565.401709401709,17,141.752136230469,132.581390380859,1.06917071342468,0,0
565,1614.75490196078,569.339869281046,17.8758169934641,143.078430175781,136.940628051758,1.04482090473175,0,0
566,1682.82527301092,600.265210608424,18.4664586583463,143.675506591797,133.596221923828,1.07544589042664,0,0
567,1100.48492462312,623.412060301507,17.5025125628141,142.271362304688,136.361907958984,1.04333651065826,0,0
568,1845.7671875,647.015625,18.03125,139.220306396484,132.950927734375,1.0471556186676,0,0
569,1596.0862230553,647.436738519213,18.0834114339269,151.682281494141,139.925186157227,1.08402419090271,0,0
570,1694.6049382716,660.405349794239,18.082304526749,146.168731689453,136.112243652344,1.07388377189636,0,0
571,1298.41758241758,664.263736263736,17,140.769226074219,136.634613037109,1.03026032447815,0,0
572,1508.43421052632,723.756578947368,17.4605263157895,137.127197265625,135.282608032227,1.01363503932953,0,0
573,1323.3,780.341666666667,17,140.533340454102,135.444442749023,1.03757178783417,0,0
574,1340.40637450199,842.91235059761,17.4741035856574,137.127487182617,132.055557250977,1.03840756416321,0,0
575,1271.73534971645,906.529300567108,18.0189035916824,131.056716918945,128.895462036133,1.01676750183105,0,0
576,1214.80350877193,943.691228070175,17,128.305267333984,129.171051025391,0.993297398090363,0,0
577,1685.70986238532,937.284403669725,19.6926605504587,127.971328735352,126.747688293457,1.00965416431427,0,0
578,1042.45333333333,996.728888888889,17,133.119995117188,132.800003051758,1.00240957736969,0,0
579,994.016608391608,1015.15909090909,18.9379370629371,136.38899230957,130.079605102539,1.04850399494171,0,0
580,1370.18315508021,1061.47593582888,18.3836898395722,140.890380859375,138.622528076172,1.01635992527008,0,0
581,1215.57699443414,1072.99072356215,18.0946196660482,148.545455932617,135.33088684082,1.09764635562897,0,0
582,1707.63157894737,1082.24210526316,17.6350877192982,154.105270385742,136.072463989258,1.13252353668213,0,0
583,1134.41520467836,1083.19883040936,17,136.918121337891,131.943389892578,1.03770351409912,0,0
584,1237.69739478958,1090.11523046092,19.4769539078156,139.231460571289,134.001251220703,1.03903102874756,0,0
585,1648.31592465753,1134.98116438356,19.5993150684932,136.205474853516,132.712310791016,1.02632129192352,0,0
586,1150.9314516129,1141.78629032258,17.4637096774194,137.979843139648,134.026550292969,1.02949631214142,0,0
587,1644.15209125475,1164.77186311787,17,136.159698486328,135.277374267578,1.00652229785919,0,0
588,1274.1871657754,1180.71657754011,17.9171122994652,138.208557128906,133.633728027344,1.03423404693604,0,0
589,1286.64019138756,1196.70717703349,18.6411483253589,135.031585693359,134.732864379883,1.00221717357635,0,0
590,1687.64646464646,1208.06818181818,17.4722222222222,136.41162109375,132.969924926758,1.02588331699371,0,0
591,1175.8330464716,1213.95094664372,19.0361445783133,133.521514892578,131.545455932617,1.01502192020416,0,0
592,2002.01221995927,1232.30855397149,18.6670061099796,129.697555541992,128.724945068359,1.00755572319031,0,0
593,1514.66666666667,1231.83838383838,17,189.191925048828,144.199996948242,1.31201064586639,1,1
594,1291.43619246862,1258.26569037657,19.6401673640167,153.012557983398,241.927337646484,0.632473230361938,0,0
595,1167.65986394558,1300.06802721088,17,127.03401184082,128.730773925781,0.986819326877594,0,0
596,1785.8103626943,1358.85699481865,18.5751295336788,123.845596313477,126.452102661133,0.979387402534485,0,0
597,1246.55724137931,1366.84689655172,17.5103448275862,133.708969116211,129.394226074219,1.0333456993103,0,0
598,1424.05903723887,1382.33605812897,19.2152588555858,131.165298461914,130.567169189453,1.00458097457886,0,0
599,1566.80577427822,1390.80839895013,17.4540682414698,130.72966003418,131.688735961914,0.992717087268829,0,0
600,1455.64583333333,1418.03472222222,17,136.951385498047,129.777770996094,1.0552761554718,0,0
601,1353.1008583691,1418.07939914163,18.2768240343348,137.847640991211,130.864868164062,1.05335867404938,0,0
602,1242.42792109256,1421.79362670713,18.453717754173,136.063735961914,130.37467956543,1.04363620281219,0,0
603,1524.69718309859,1428.55633802817,17,137.57746887207,133.145156860352,1.03328931331635,0,0
604,1252.91666666667,1447.46296296296,17,136.796295166016,126.484848022461,1.08152318000793,0,0
605,1676.06642066421,1449.17158671587,18.070110701107,140.544281005859,131.615783691406,1.06783759593964,0,0
606,1174.59219858156,1454.41843971631,17,137.925537109375,129.938598632812,1.06146705150604,0,0
607,1423.07457627119,1466.0406779661,17.5050847457627,138.423721313477,133.679611206055,1.03548860549927,0,0
608,1202.99595959596,1490.50303030303,18.3737373737374,136.323226928711,131.408721923828,1.03739857673645,0,0
609,1377.15021459227,1496.85836909871,18.0364806866953,141.967803955078,132.702697753906,1.0698184967041,0,0
610,1466.66666666667,1503.91111111111,17,146.755554199219,139.880004882812,1.0491532087326,0,0
611,1252.53691275168,1525.38926174497,17,134.067108154297,128.647064208984,1.04213106632233,0,0
612,1608.55759162304,1541.34947643979,18.5850785340314,137.369110107422,133.447723388672,1.02938520908356,0,0
613,1264.40392156863,1562.5137254902,17.5137254901961,143.83137512207,131.247711181641,1.09587717056274,0,0
614,1476.18614718615,1573.91774891775,17.4632034632035,136.991348266602,130.454544067383,1.05010795593262,0,0
615,1499.43949044586,1593.09341825902,17.9893842887473,140.078552246094,132.449996948242,1.05759572982788,0,0
616,1289.33333333333,1674.6204379562,18.0681265206813,129.277374267578,125.819351196289,1.0274840593338,0,0
617,1387.44295302013,1710.22483221477,18.3976510067114,124.427848815918,133.987442016602,0.928653061389923,0,0
618,1633.88617886179,643.190243902439,19.0276422764228,148.193496704102,139.408081054688,1.06301939487457,0,0
619,1105.89215686275,702.162990196078,19.5808823529412,141.813720703125,135.850006103516,1.04389929771423,0,0
620,1139.92763157895,805.348684210526,18,137.651321411133,136.826080322266,1.00603127479553,0,0
621,1601.67206477733,828.949392712551,19.0202429149798,131.574905395508,132.663269042969,0.991796016693115,0,0
622,1578.06451612903,827.758064516129,18,136.919357299805,137.947372436523,0.992547750473022,0,0
623,1345.56640625,858.69921875,18.47265625,134.71875,132.932037353516,1.01344084739685,0,0
624,1703.93468468468,885.155405405405,18.5563063063063,133.162155151367,129.828247070312,1.02567934989929,0,0
625,1407.42620232172,890.52736318408,19.6616915422886,128.766174316406,131.443725585938,0.979629695415497,0,0
626,1656.28370786517,930.668539325843,19.0926966292135,126.615165710449,126.881446838379,0.997901320457458,0,0
627,1211.99705304519,947.652259332024,19.9253438113949,129.943023681641,130.086959838867,0.998893558979034,0,0
628,1285.34782608696,991.239130434783,18,134.717391967773,134,1.00535368919373,0,0
629,1848.66423357664,1010.52554744526,18,126.978103637695,128.117645263672,0.991105496883392,0,0
630,1078.22222222222,1014.6,18,136.733337402344,130.83332824707,1.04509556293488,0,0
631,1015.95652173913,1053.60869565217,18,139.195648193359,132.551727294922,1.05012321472168,0,0
632,1133.41500765697,1082.31087289433,18.9203675344564,131.634002685547,130.409927368164,1.00938642024994,0,0
633,1250.68953068592,1109.26895306859,19.9061371841155,133.916061401367,132.761047363281,1.00869989395142,0,0
634,1094.92851405622,1116.96546184739,20.255421686747,133.245788574219,130.390151977539,1.02190065383911,0,0
635,1637.03285024155,1160.7652173913,19.9536231884058,135.694686889648,133.439910888672,1.01689732074738,0,0
636,1645.52071005917,1211.53846153846,18,138.301773071289,132.678573608398,1.04238212108612,0,0
637,1496.15863453815,1215.72289156627,19.0321285140562,136.578308105469,132.50407409668,1.0307480096817,0,0
638,1661.85863874346,1226.7277486911,18,136.403137207031,131.58903503418,1.03658437728882,0,0
639,1654.36111111111,1238.06944444444,18,138.173614501953,130.851058959961,1.05596101284027,0,0
640,1684.765,1233.61166666667,19.6783333333333,139.696670532227,133.643096923828,1.04529654979706,0,0
641,1401.26865671642,1277.39552238806,18.3283582089552,132.313430786133,131.234375,1.00822234153748,0,0
642,1170.93225806452,1297.7,18.4,129.42903137207,131.115936279297,0.987134277820587,0,0
643,1205.18518518519,1303.6049382716,18,134.938278198242,133.346160888672,1.01193976402283,0,0
644,1181.10563380282,1417.90845070423,18,141.908447265625,128.82926940918,1.10152339935303,0,0
645,1534.26462395543,1421.8495821727,19.033426183844,142.376037597656,133.676330566406,1.06508040428162,0,0
646,1178.95291479821,1450.10426008969,19.6345291479821,137.474212646484,130.540054321289,1.05311906337738,0,0
647,1335.53846153846,1496.85676392573,19.3302387267905,138.316970825195,130.325866699219,1.06131637096405,0,0
648,1515.91160809372,1516.89776357827,20.4419595314164,139.994674682617,132.867370605469,1.05364227294922,0,0
649,1461.35145784082,1530.85815602837,21.8881008668243,139.888885498047,132.453826904297,1.05613327026367,0,0
650,1253.63448275862,1530.67586206897,18.5241379310345,136.786209106445,128.84375,1.06164407730103,0,0
651,1410.95691202873,1554.05385996409,19.6014362657092,133.140029907227,132.748001098633,1.00295317173004,0,0
652,1050.91402116402,1563.86243386243,19.7579365079365,132.701065063477,130.87516784668,1.013951420784,0,0
653,1451.25033647375,1564.8532974428,20.6877523553163,135.962310791016,132.016159057617,1.02989137172699,0,0
654,1338.75819672131,1590.5512295082,19.9364754098361,132.163940429688,127.825828552246,1.03393769264221,0,0
655,1380.21463414634,1673.68292682927,18,131.239028930664,131.040405273438,1.00151574611664,0,0
656,1506.24479166667,1679.92447916667,18.9739583333333,132.16667175293,127.491073608398,1.03667390346527,0,0
657,1389.23333333333,1697.29487179487,20.6384615384615,240.30256652832,141.894470214844,1.69353020191193,1,1
658,1640.48944337812,580.998080614203,19.7754318618042,138.727447509766,134.163940429688,1.03401446342468,0,0
659,1244.05764411028,653.080200501253,19.516290726817,154.27067565918,141.840576171875,1.08763432502747,0,0
660,1539.04245810056,679.343016759777,20.4525139664804,219.974304199219,146.190979003906,1.50470507144928,1,1
661,1282.73033707865,696.52808988764,19.4606741573034,144.739318847656,136.239349365234,1.06238996982574,0,0
662,1508.02784810127,726.488607594937,20.0354430379747,140.240509033203,133.794784545898,1.04817616939545,0,0
663,1663.61158432709,738.873935264054,19.9131175468484,136.064743041992,132.804153442383,1.02455186843872,0,0
664,1577.6512605042,827.659663865546,19.4747899159664,135.668060302734,132.346939086914,1.0250940322876,0,0
665,1405.98529411765,829.044117647059,19,144.33088684082,138.695648193359,1.04063022136688,0,0
666,1273.35135135135,830.389189189189,20.3621621621622,675.497314453125,271.024536132812,2.49238443374634,1,1
667,1433.17840375587,836.176056338028,21.4600938967136,132.129104614258,132.777114868164,0.995119571685791,0,0
668,1603.95953757225,875.416184971098,19.6589595375723,131.364166259766,130.165466308594,1.00920903682709,0,0
669,1201.43729903537,913.247588424437,19.4790996784566,133.276519775391,131.068969726562,1.01684260368347,0,0
670,1664.97345132743,927.053097345133,19,119.035400390625,120.030303955078,0.991711258888245,0,0
671,1285.00943396226,991.38679245283,19,130.150939941406,129.565216064453,1.00452065467834,0,0
672,1848.62822719449,1008.7074010327,19.9586919104991,127.674697875977,127.985450744629,0.99757194519043,0,0
673,1691.8096135721,1010.60508953817,21.0320452403393,133.482559204102,128.833602905273,1.03608500957489,0,0
674,1708.69423929099,1013.69867060561,19.9586410635155,136.159530639648,129.163208007812,1.05416655540466,0,0
675,1741.11202185792,1027.81967213115,19,139.702178955078,131.357147216797,1.06352937221527,0,0
676,1768.4882179676,1028.45066273932,22.2025036818851,136.754043579102,130.151336669922,1.05073094367981,0,0
677,1015.68372093023,1053.91162790698,19,139.832565307617,132.714279174805,1.05363619327545,0,0
678,1897.58445945946,1067.25337837838,20.0675675675676,138.138519287109,129.781158447266,1.06439578533173,0,0
679,1705.07918367347,1220.44571428571,20.64,138.777145385742,133.594711303711,1.03879225254059,0,0
680,1660.43346007605,1230.34790874525,19.425855513308,133.294677734375,133.196975708008,1.00073349475861,0,0
681,1879.51034482759,1224.74482758621,19,129.600006103516,126.392860412598,1.02537441253662,0,0
682,1112.59485530547,1249.59967845659,20.040192926045,122.461418151855,126.458549499512,0.9683917760849,0,0
683,1388.65526315789,1270.43421052632,20.1210526315789,131.576309204102,132.286407470703,0.994632124900818,0,0
684,1467.5671641791,1285.40298507463,19.5074626865672,128.42350769043,127.315155029297,1.00870561599731,0,0
685,1515.99275362319,1286.66304347826,20.0942028985507,126.975845336914,127.373374938965,0.996879041194916,0,0
686,1280.75581395349,1302.77777777778,20.3565891472868,129.724807739258,130.106719970703,0.997064650058746,0,0
687,1731.42537313433,1337.31343283582,19.5410447761194,132.608215332031,128.330505371094,1.03333353996277,0,0
688,1214.92459016393,1349.5737704918,19.4819672131148,134.272125244141,130.378372192383,1.029865026474,0,0
689,1629.21156069364,1385.32196531792,21.7242774566474,132.097686767578,129.67594909668,1.01867532730103,0,0
690,1464.59230769231,1397.06153846154,19,135.061538696289,128.70832824707,1.04936134815216,0,0
691,1179.66341463415,1418.31707317073,19,140.482925415039,126.97435760498,1.10638821125031,0,0
692,1338.8127090301,1441.4381270903,19.5752508361204,142.294311523438,135.228729248047,1.05224907398224,0,0
693,1250.83191489362,1467.33404255319,19.9893617021277,143.58935546875,131.815994262695,1.08931660652161,0,0
694,1713.28698752228,1479.06773618538,20.49376114082,141.686279296875,130.02409362793,1.08969247341156,0,0
695,1469.83708609272,1483.36158940397,20.8781456953642,151.878143310547,144.71403503418,1.04950523376465,0,0
696,1394.66265060241,1487.68072289157,19.5722891566265,139.054214477539,135.414291381836,1.02687990665436,0,0
697,1406.67222222222,1521.50555555556,19.9277777777778,136.936111450195,132.69841003418,1.03193485736847,0,0
698,1620.31891891892,1532.49297297297,20.5610810810811,139.57405090332,131.599151611328,1.06059992313385,0,0
699,1209.34782608696,1535.53623188406,19,152.34782409668,136.555557250977,1.11564719676971,0,0
700,1264.94,1561.54,19,143.169998168945,133.363632202148,1.07353103160858,0,0
701,1256.24523809524,1582.34523809524,20.0452380952381,139.576187133789,127.653991699219,1.09339463710785,0,0
702,1352.38174273859,1656.94190871369,19.5186721991701,131.186721801758,129.738250732422,1.01116454601288,0,0
703,1383.31683168317,1674.75247524752,19,129.524749755859,124.793106079102,1.0379159450531,0,0
704,1648.04519774011,621.45197740113,20.5056497175141,145.785308837891,136.18977355957,1.07045710086823,0,0
705,1673.98155737705,637.655737704918,22.2049180327869,150.870895385742,138.359619140625,1.09042572975159,0,0
706,1602.77272727273,652.727272727273,20,148.340911865234,147.214279174805,1.00765299797058,0,0
707,1725.04375,779.484375,20.528125,139.271881103516,131.966217041016,1.05536007881165,0,0
708,1569.6935483871,808.903225806452,20,140.306457519531,135.113632202148,1.03843307495117,0,0
709,1216.6568627451,839.936274509804,20.6617647058824,134.377456665039,131.786758422852,1.01965820789337,0,0
710,1014.88695652174,1050.91304347826,20.5008695652174,137.857391357422,129.650161743164,1.06330287456512,0,0
711,1215.75543478261,1071.5,20,145.896743774414,132.428573608398,1.10170137882233,0,0
712,1179.34501347709,1142.64420485175,20.5768194070081,144.787063598633,136.227584838867,1.06283223628998,0,0
713,1029.39766081871,1152.27192982456,20.5029239766082,129.918121337891,124.788993835449,1.04110240936279,0,0
714,1519.67666666667,1176.87333333333,20.4266666666667,134.50666809082,132.866668701172,1.01234316825867,0,0
715,1112.48184818482,1201.15841584158,20,134.768981933594,130.798568725586,1.03035521507263,0,0
716,1491.87704918033,1249.00819672131,20,136.344268798828,134.871795654297,1.01091754436493,0,0
717,1440.09205020921,1263.89958158996,20.5271966527197,128.535568237305,127.132232666016,1.01103842258453,0,0
718,1655.06633663366,1287.0801980198,21.9425742574257,129.647521972656,128.952194213867,1.00539219379425,0,0
719,1487.42522974102,1306.90309106099,21.5522138680033,125.061820983887,128.86328125,0.97050005197525,0,0
720,1153.76795580111,1324.57348066298,22.2011049723757,122.216575622559,128.093078613281,0.954123198986053,0,0
721,1403.46804511278,1351.47556390977,21.4360902255639,134.505645751953,131.948059082031,1.01938331127167,0,0
722,1534.61081081081,1375.85513513514,21.6832432432432,132.004318237305,130.907180786133,1.00838100910187,0,0
723,1465.4037037037,1394.78888888889,21.5296296296296,133.104629516602,130.627502441406,1.01896333694458,0,0
724,1016.89823874755,1413.51989562948,23.6203522504892,133.752777099609,129.578231811523,1.03221642971039,0,0
725,1181.12880143113,1418.69946332737,20.5062611806798,133.529510498047,127.893440246582,1.04406845569611,0,0
726,1677.19379844961,1447.26356589147,20,140.806198120117,131.971435546875,1.06694447994232,0,0
727,1093.00857449089,1453.26045016077,23.2181136120043,136.200424194336,131.464370727539,1.03602540493011,0,0
728,1210.78622816033,1461.36330935252,23.5128468653648,140.736389160156,132.386764526367,1.06306993961334,0,0
729,1717.83673469388,1462.40589569161,20.5011337868481,141.76643371582,131.986389160156,1.074098944664,0,0
730,1494.90666666667,1532.38,20,131.66667175293,132.229736328125,0.995741784572601,0,0
731,1209.95189873418,1534.47594936709,20.9443037974684,142.377212524414,131.962493896484,1.07892179489136,0,0
732,1332.234082397,1556.7808988764,21.0224719101124,135.627334594727,127.058036804199,1.06744396686554,0,0
733,1477.71040723982,1589.72398190045,20.4932126696833,136.972854614258,132.234786987305,1.03583073616028,0,0
734,1289.75925925926,1672.94444444444,20,126.842590332031,123.391304016113,1.02797031402588,0,0
735,1289.69458128079,1690.18226600985,20.9408866995074,132.145324707031,121.005378723145,1.0920615196228,0,0
736,1404.17448405253,1711.91557223265,20.9512195121951,170.435272216797,138.563827514648,1.23001277446747,1,1
737,1213.76973684211,561.725877192982,21.5394736842105,142.061401367188,136.476593017578,1.04092133045197,0,0
738,1192.73223140496,575.262809917355,21.4909090909091,138.04296875,135.597702026367,1.0180332660675,0,0
739,1216.14239482201,601.498381877023,21.4660194174757,149.760513305664,136.052627563477,1.10075426101685,0,0
740,1705.14321926489,605.262357414449,22.3536121673004,138.627380371094,134.302627563477,1.03220152854919,0,0
741,1790.35185185185,685.703703703704,21,144.462966918945,147.592590332031,0.978795528411865,0,0
742,1669.22451994092,710.77400295421,21.9409158050222,137.577545166016,134.276351928711,1.02458500862122,0,0
743,1189.35635359116,755.154696132597,22.1422651933702,146.54833984375,139.671691894531,1.04923439025879,0,0
744,1656.65977443609,846.342105263158,22.781954887218,136.486846923828,133.2314453125,1.02443420886993,0,0
745,1254.42930153322,982.548551959114,22.0136286201022,136.429306030273,129.492645263672,1.05356800556183,0,0
746,1740.45284002084,1016.97133923919,23.8957790515894,135.655548095703,129.725128173828,1.04571533203125,0,0
747,1217.7195892575,1109.15560821485,22.9644549763033,143.579772949219,136.00715637207,1.05567812919617,0,0
748,1154.25794155019,1169.56289707751,22.3811944091487,133.216003417969,131.58332824707,1.01240789890289,0,0
749,1146.36292834891,1185.64330218069,22.1370716510903,129.386291503906,131.044921875,0.987343013286591,0,0
750,1118.7421875,1197.828125,21,133.0625,131.636367797852,1.01083385944366,0,0
751,1635.61578400831,1275.99065420561,22.5732087227414,128.677047729492,128.649291992188,1.00021576881409,0,0
752,1532.59413754228,1310.99436302142,22.054114994363,126,128.956283569336,0.977075278759003,0,0
753,1600.97611464968,1355.03423566879,23.1656050955414,132.041397094727,129.537261962891,1.01933133602142,0,0
754,1175.44875776398,1360.23913043478,22.2189440993789,132.187881469727,129.099792480469,1.02392017841339,0,0
755,1663.2972972973,1372.58108108108,21.5315315315315,134.171173095703,126.946807861328,1.05690860748291,0,0
756,1347.04473684211,1390.20263157895,21.9710526315789,140.363159179688,131.819519042969,1.06481313705444,0,0
757,1533.62178217822,1428.13465346535,21.5207920792079,138.491088867188,132.462295532227,1.04551327228546,0,0
758,1228.19535783366,1455.69632495164,21.5764023210832,146.611221313477,136.219024658203,1.07629036903381,0,0
759,1429.47777777778,1452.48888888889,21,145.577774047852,130.527770996094,1.11530113220215,0,0
760,1377.15151515152,1479.57070707071,22.0530303030303,142.646469116211,132.356750488281,1.07774233818054,0,0
761,1493.98604651163,1532.06976744186,21,134.093017578125,129.149429321289,1.03827810287476,0,0
762,1500.578125,1551.7109375,21,139.6171875,133.260864257812,1.04769837856293,0,0
763,1378.11227154047,1577.98694516971,21.5065274151436,133.851181030273,130.795028686523,1.02336597442627,0,0
764,1502.36363636364,1605.56891495601,21.8768328445748,137.219940185547,131.027954101562,1.04725694656372,0,0
765,1393.75661375661,1611.83245149912,22.021164021164,130.931213378906,130.66096496582,1.00206828117371,0,0
766,1331.88978494624,1620.43413978495,22.2325268817204,134.811828613281,126.99796295166,1.06152749061584,0,0
767,1255.408,604.784,22,151.207992553711,137.636367797852,1.09860491752625,0,0
768,1640.91666666667,618.5,22,154.265625,136.452835083008,1.13054168224335,0,0
769,1790.54016620499,685.349030470914,22.5290858725762,143.058166503906,136.538467407227,1.04774987697601,0,0
770,1733.75,723.026960784314,22.4803921568627,142.892150878906,133.924057006836,1.06696403026581,0,0
771,1272.48039215686,832.709150326797,23.0555555555556,195.937911987305,154.642105102539,1.26704120635986,1,1
772,1218,840.198795180723,22.5030120481928,135.084335327148,132.342697143555,1.02071619033813,0,0
773,1866.87903225806,866.594086021505,22.5698924731183,139.706985473633,132.940475463867,1.0508987903595,0,0
774,1621.58998144712,881.502782931354,23.2541743970315,131.090911865234,128.838790893555,1.01748013496399,0,0
775,1200.68280871671,899.707021791768,22.9975786924939,132.94189453125,130.386596679688,1.01959788799286,0,0
776,1244.24361948956,904.294663573086,22.9025522041763,131.689102172852,130.314956665039,1.0105447769165,0,0
777,1700.84581497797,950.640969162996,22.557268722467,131.361236572266,125.849555969238,1.0437958240509,0,0
778,1016.18954248366,1053.16993464052,22,135.169937133789,129.936508178711,1.04027676582336,0,0
779,1897.16666666667,1068.46212121212,22,140.022720336914,127.772727966309,1.09587323665619,0,0
780,1141.42608695652,1091.37391304348,22,139.208694458008,130.379302978516,1.06772077083588,0,0
781,1643.59879032258,1137.75403225806,22.4879032258065,132.794357299805,130.695068359375,1.01606249809265,0,0
782,1180.55334987593,1138.81141439206,23.0049627791563,139.122833251953,131.122695922852,1.06101262569427,0,0
783,1204.22068965517,1196.13103448276,22,134.151718139648,134.349212646484,0.998529970645905,0,0
784,1634.95348837209,1201.04651162791,22,142.457366943359,136.305557250977,1.04513251781464,0,0
785,1200.70866141732,1221.08398950131,22.9658792650919,140.514434814453,130.809524536133,1.07419121265411,0,0
786,1766.36079545455,1251.42613636364,22.5,135.653411865234,130.793273925781,1.03715896606445,0,0
787,1521.45925925926,1285.08888888889,22.7518518518519,130.751846313477,128.344741821289,1.01875495910645,0,0
788,1115.77257525084,1320.51505016722,22.6020066889632,125.190635681152,128.075866699219,0.977472484111786,0,0
789,1212.71511627907,1367.77325581395,22.4505813953488,132.735458374023,131.240264892578,1.01139283180237,0,0
790,1136.52459016393,1409.91256830601,22,144.715850830078,134.08332824707,1.07929790019989,0,0
791,1171.34561626429,1432.64421855146,23.6886912325286,135.992370605469,129.127624511719,1.05316245555878,0,0
792,1433.48770491803,1447.40163934426,22,141.663940429688,131.622344970703,1.07629096508026,0,0
793,1335.92,1495.96,22,141.800003051758,133.173919677734,1.06477308273315,0,0
794,1336.87335359676,1508.69503546099,23.7142857142857,137.325225830078,129.738845825195,1.05847418308258,0,0
795,1501.48230912477,1550.39851024209,22.9459962756052,138.851028442383,130.626083374023,1.0629655122757,0,0
796,1257.24528301887,1579.11320754717,22.4150943396226,135.415100097656,127.68571472168,1.06053447723389,0,0
797,1349.9053030303,1604.31060606061,23.6590909090909,138.007568359375,129.750823974609,1.06363534927368,0,0
798,1203.83146067416,779.589887640449,23,141.898880004883,142.441864013672,0.996188044548035,0,0
799,1627.11304347826,860.382608695652,23,134.991302490234,129.5,1.04240393638611,0,0
800,2011.85326086957,961.021739130435,23.5190217391304,128.529891967773,128.45930480957,1.00054943561554,0,0
801,1094.7602739726,1093.43835616438,23,139.013702392578,134.612243652344,1.03269731998444,0,0
802,1695.30042918455,1101.29184549356,23.343347639485,137.017166137695,134.439300537109,1.01917493343353,0,0
803,1676.10202117421,1121.23965351299,24.6159769008662,140.510101318359,132.816558837891,1.05792605876923,0,0
804,1750.11074918567,1121.16123778502,24.0765472312704,141.954391479492,132.532760620117,1.07108902931213,0,0
805,1769.46702702703,1130.98918918919,24.6724324324324,137.374053955078,132.060562133789,1.0402352809906,0,0
806,1202.19845644983,1195.71223814774,23.9437706725469,133.40022277832,130.971481323242,1.01854407787323,0,0
807,1635.51642575558,1202.57950065703,24.3968462549277,138.586074829102,132.567199707031,1.04540240764618,0,0
808,1708.83695652174,1286.08695652174,23,135.391311645508,131.851852416992,1.02684426307678,0,0
809,1136.96590909091,1410.58712121212,23,140.549240112305,131.448822021484,1.06923162937164,0,0
810,1534.76865671642,1432.99253731343,24.0533049040512,139.057571411133,133.036056518555,1.04526233673096,0,0
811,1649.1226993865,1435.63599182004,23.5378323108384,139.147232055664,130.348541259766,1.06750130653381,0,0
812,1226.67027027027,1453.34054054054,23,149.594589233398,133.346939086914,1.12184488773346,0,0
813,1431.73195876289,1450.83505154639,23,145.432983398438,133.730773925781,1.08750569820404,0,0
814,1347.47976878613,1548.24277456647,23,132.63005065918,128.156860351562,1.03490400314331,0,0
815,1304.45843828715,1562.07808564232,24.5037783375315,132.753143310547,126.874610900879,1.04633343219757,0,0
816,1230.19789842382,1561.2469352014,24.4098073555166,134.465850830078,128.03059387207,1.05026340484619,0,0
817,1358.12380952381,1661.7619047619,23,130.638092041016,129.974365234375,1.00510656833649,0,0
818,1452.77408637874,1705.20265780731,24.1262458471761,127.691032409668,126.718048095703,1.00767838954926,0,0
819,1901.58823529412,738.198529411765,24.5661764705882,138.328430175781,133.921569824219,1.03290629386902,0,0
820,1628.18207282913,858.971988795518,24.5098039215686,132.994400024414,128.832168579102,1.03230738639832,0,0
821,1863.97757847534,947.775784753363,24.5470852017937,130.401351928711,129.497604370117,1.00697886943817,0,0
822,1153.11604095563,964.003412969283,24.5699658703072,134.631393432617,127.680274963379,1.05444157123566,0,0
823,1764.44483985765,1073.63523131673,25.0391459074733,138.638793945312,129.826614379883,1.06787657737732,0,0
824,1828.78419452888,1079.85258358663,24.9604863221885,136.773559570312,130.425201416016,1.04867434501648,0,0
825,1092.40850642928,1091.95450049456,25.4005934718101,137.964385986328,130.337371826172,1.05851745605469,0,0
826,1146.35748792271,1183.29951690821,24,133.260864257812,129.830764770508,1.02641975879669,0,0
827,1224.54267515924,1240.69681528662,25.4942675159236,134.321014404297,130.781326293945,1.02706575393677,0,0
828,1710.43778801843,1284.4930875576,24,137.281112670898,130.890914916992,1.04882073402405,0,0
829,1537.98668885191,1303.03244592346,25.7046589018303,125.849418640137,127.10124206543,0.990150988101959,0,0
830,1576.76664630422,1305.83200977398,25.9028711056811,127.833229064941,129.196655273438,0.989446878433228,0,0
831,1117.49557522124,1318.62831858407,24,121.89380645752,125.86206817627,0.968471348285675,0,0
832,1601.49112426036,1339.4201183432,24.4970414201183,131.556213378906,129.110382080078,1.0189436674118,0,0
833,1534.52380952381,1374.40476190476,24,129.380950927734,127.542854309082,1.01441156864166,0,0
834,1094.56435643564,1426.92277227723,25.5465346534653,135.530700683594,130.594589233398,1.03779721260071,0,0
835,1053.32790988736,1488.99874843554,25.3892365456821,132.983734130859,132.153594970703,1.00628161430359,0,0
836,1309.74180327869,1493.65573770492,24,140.118850708008,133.820755004883,1.04706370830536,0,0
837,1133.40766550523,1477.8362369338,26.801393728223,136.123687744141,130.750610351562,1.04109406471252,0,0
838,1711.8152173913,1504.03804347826,24.5978260869565,141.217391967773,131.741577148438,1.07192730903625,0,0
839,1192.75158227848,1518.04430379747,25.503164556962,141.523727416992,132.676300048828,1.06668436527252,0,0
840,1348.42147435897,1545.96314102564,24.8894230769231,133.190704345703,127.916664123535,1.04123032093048,0,0
841,1513.28992628993,1610.7027027027,24.990171990172,132.842758178711,129.746917724609,1.02386057376862,0,0
842,1258.9294755877,1667.91139240506,25.622061482821,127.974685668945,123.226417541504,1.03853285312653,0,0
843,1592.93162393162,572.230769230769,25,141.358978271484,145.851852416992,0.969195604324341,0,0
844,1212.32762836186,673.459657701712,25.559902200489,148.806838989258,138.551406860352,1.07401895523071,0,0
845,1774.62204724409,688.834645669291,25,144.826766967773,139.233337402344,1.04017305374146,0,0
846,1181.11787564767,728.146373056995,26.5155440414508,144.992233276367,136.279449462891,1.06393325328827,0,0
847,1146.72471910112,1180.46629213483,25,132.039321899414,128.244186401367,1.02959299087524,0,0
848,1614.152,1218.264,25,139.328002929688,134.125,1.03879225254059,0,0
849,1568.20204841713,1271.09590316574,26.5912476722533,126.617317199707,129.366607666016,0.978748083114624,0,0
850,1709.15045248869,1280.57918552036,25.908371040724,133.90837097168,129.350082397461,1.03523993492126,0,0
851,1059.01054018445,1379.15546772069,26.7061923583663,131.797103881836,129.277359008789,1.01949095726013,0,0
852,1652.49392097264,1441.1094224924,26.7993920972644,137.800918579102,127.991004943848,1.0766453742981,0,0
853,1710.67636986301,1502.57020547945,26.3253424657534,147.203765869141,133.106521606445,1.10590946674347,0,0
854,1170.05202312139,1540.34450867052,26.5595375722543,137.379196166992,130.905792236328,1.04945087432861,0,0
855,1491.71578947368,1570.23157894737,25.4526315789474,138.834213256836,130.53205871582,1.06360244750977,0,0
856,1268.32352941176,1568.26378676471,27.7123161764706,133.217834472656,127.478141784668,1.04502487182617,0,0
857,1212.5752688172,1614.72580645161,26.4408602150538,134.967742919922,127.807014465332,1.05602765083313,0,0
858,1841.9674796748,606.934959349593,26,133.934951782227,132.269226074219,1.01259350776672,0,0
859,1084.85870646766,646.390049751244,27.2985074626866,145.027862548828,136.517990112305,1.06233513355255,0,0
860,1774.08906882591,685.744939271255,26,146.96760559082,136.734512329102,1.07483911514282,0,0
861,1902.93785310734,736.666666666667,26,136.423721313477,132.385971069336,1.03049981594086,0,0
862,1157.021875,959.9875,26.196875,132.762496948242,130.021743774414,1.02107918262482,0,0
863,1861.04166666667,953.75,26,138.16667175293,129,1.07105946540833,0,0
864,1794.04316546763,1041.39568345324,26,137.151077270508,132.860458374023,1.03229415416718,0,0
865,1750.13725490196,1120.60130718954,26,137.620910644531,130.452835083008,1.0549476146698,0,0
866,1618.44553483808,1213.65554465162,27.6447497546614,134.715408325195,132.347778320312,1.01788949966431,0,0
867,1647.18710191083,1240.04697452229,28.2165605095541,135.414016723633,131.808181762695,1.02735674381256,0,0
868,971.344086021505,1320.26164874552,26,122.673835754395,126.083335876465,0.972958385944366,0,0
869,1603.48660714286,1350.46428571429,26,130.78125,125.176467895508,1.04477500915527,0,0
870,1689.28359133127,1367.27616099071,29.6829721362229,130.294738769531,128.111343383789,1.01704299449921,0,0
871,1069.3660130719,1383.94117647059,26.483660130719,134.137252807617,130.453125,1.02824103832245,0,0
872,1169.95882352941,1428.08823529412,26.4382352941176,131.70588684082,128.1640625,1.02763509750366,0,0
873,1299.50991189427,1435.5859030837,27.0418502202643,138.567184448242,131.912033081055,1.05045139789581,0,0
874,1565.536159601,1434.13965087282,26.9625935162095,141.548629760742,131.378158569336,1.07741367816925,0,0
875,1588.64075630252,1448.67647058824,27.0756302521008,135.224792480469,131.270263671875,1.0301251411438,0,0
876,1224.69111969112,1505.50579150579,26.5,137.718139648438,129.425674438477,1.06407129764557,0,0
877,1519.85012285012,1516.14496314496,26.972972972973,140.10319519043,130.612365722656,1.07266414165497,0,0
878,1842.66956521739,602.673913043478,27,136.695648193359,132.019607543945,1.03541934490204,0,0
879,1773.87102177554,677.180904522613,27.4455611390285,147.139022827148,135.118606567383,1.08896195888519,0,0
880,1135.92207792208,1030.0974025974,27,140.668838500977,133.142852783203,1.05652558803558,0,0
881,1050.1768115942,1118.73913043478,27.504347826087,136.289855957031,130.767288208008,1.04223203659058,0,0
882,972.847161572052,1328.08296943231,27,127.170303344727,125.65217590332,1.01208198070526,0,0
883,1604.9710982659,1348.2774566474,27,126.138725280762,129.965515136719,0.970555365085602,0,0
884,1395.50788954635,1556.57297830375,28.3934911242604,131.858978271484,130.387969970703,1.01128172874451,0,0
885,1841.27411167513,608.654822335025,28,136.355331420898,133.785720825195,1.01920688152313,0,0
886,970.962962962963,1328.93827160494,28,124.987655639648,122.517242431641,1.02016377449036,0,0
887,1226.18484848485,1459.88484848485,28,159.751510620117,134.585586547852,1.18698823451996,0,0
888,1223.29714285714,1506.92571428571,28,135.942855834961,128.264709472656,1.05986177921295,0,0
889,1249.43430656934,1565.23357664234,28.5255474452555,141.937957763672,128,1.10889029502869,0,0
890,1301.07301587302,1429.54285714286,29.4666666666667,137.257141113281,128.925231933594,1.06462585926056,0,0
891,1565.52272727273,1433.43181818182,29,135.136367797852,137.5,0.982809960842133,0,0
892,1585.27868852459,1454.15983606557,29.9262295081967,134.456283569336,129.042037963867,1.04195725917816,0,0
893,1094.953125,1473.015625,29,136.75,130.076919555664,1.05130100250244,0,0
894,1228.11403508772,1502.91666666667,29,138.017547607422,127.614036560059,1.08152329921722,0,0
895,1177.79841897233,1608.01778656126,29.8794466403162,135.752960205078,127.026123046875,1.06870114803314,0,0
