CellID,Center_X,Center_Y,Center_Z,MeanROIIntensity,MeanNeighborhoodIntensity,MetricValue,UserLabel,roiSeen,isDoublet
1,1693.78271604938,705.86049382716,4.88271604938272,385.5654296875,390.725006103516,0.986794888973236,0,0,0
2,1582.6095890411,884.203767123288,4.76369863013699,562.241455078125,475.068542480469,1.18349540233612,0,0,0
3,1580.59069767442,903.896511627907,4.56279069767442,654.916259765625,473.605834960938,1.38282978534698,1,1,0
4,1546.53597650514,967.461086637298,3.93685756240822,726.562377929688,536.298400878906,1.35477256774902,1,1,0
5,1850.92857142857,982.611111111111,3.06349206349206,554.753967285156,503.071441650391,1.10273396968842,0,0,0
6,1745.52076677316,1016.12619808307,4.99680511182109,504.426513671875,466.493377685547,1.08131551742554,0,0,0
7,1204.28414580588,1058.93675889328,7.90162494510321,659.440490722656,491.636108398438,1.34131824970245,1,1,0
8,1667.55585831063,1144.55858310627,4.02724795640327,534.261596679688,491.083343505859,1.08792448043823,0,0,0
9,1498.14979757085,1233.43724696356,3.50202429149798,458,412.548675537109,1.11017203330994,0,0,0
10,1650.10028449502,1338.05903271693,5.68990042674253,444.877655029297,410.423004150391,1.08394908905029,0,0,0
11,1204.44957983193,1362.03921568627,4.68767507002801,431.908966064453,411.748077392578,1.04896414279938,0,0,0
12,1293.04568527919,1403.94923857868,3.76142131979695,453.583770751953,438.733856201172,1.03384721279144,0,0,0
13,1181.66384615385,1419.91384615385,6.60846153846154,434.146911621094,412.410766601562,1.05270504951477,0,0,0
14,1572.01515151515,728.424242424242,4,418.818176269531,403.454559326172,1.0380802154541,0,0,0
15,1525.05479452055,747.767123287671,4,400.849304199219,402.885711669922,0.994945466518402,0,0,0
16,1720.73741007194,767.655395683453,7.77697841726619,408.735260009766,395.214080810547,1.03421223163605,0,0,0
17,1272.46478873239,800.647887323944,4,509.239440917969,468.275848388672,1.08747744560242,0,0,0
18,1621.95272727273,824.701818181818,4.48,442.876373291016,428.117248535156,1.03447449207306,0,0,0
19,1449.47470817121,845.326848249027,5.06225680933852,591.972778320312,463.601501464844,1.27690005302429,1,1,0
20,1280.891966759,867.565096952909,5.00831024930748,541.019409179688,510.101928710938,1.06061041355133,0,0,0
21,1293.27751196172,993.66985645933,6.52392344497608,835.976867675781,564.334106445312,1.48135089874268,1,1,0
22,1718.244,1051.864,6.071,562.843994140625,469.243865966797,1.19947016239166,0,0,0
23,1241.83333333333,1086.60416666667,4.47916666666667,554.416687011719,469.647064208984,1.18049645423889,0,0,0
24,1637.08455882353,1108.87867647059,4.54411764705882,480.599273681641,479.631256103516,1.00201821327209,0,0,0
25,1595.31304347826,1109.70434782609,4,501.478271484375,457.731719970703,1.09557247161865,0,0,0
26,1251.64680483592,1135.48100172712,6.04490500863558,503.331604003906,456.448608398438,1.1027125120163,0,0,0
27,1630.74528301887,1167.66037735849,4,658.047180175781,572.184204101562,1.15006172657013,0,0,0
28,1730.23544303797,1172.07594936709,5.08607594936709,464.298736572266,433.035430908203,1.07219576835632,0,0,0
29,1267.35480673935,1208.51040634291,7.13478691774034,620.194274902344,477.210968017578,1.29962289333344,1,1,0
30,1677.24550128535,1225.47172236504,5.40616966580977,464.787902832031,434.249114990234,1.07032549381256,0,0,0
31,1192.7619047619,1309.61904761905,6.45304232804233,450.88623046875,418.320953369141,1.07784759998322,0,0,0
32,1664.81395348837,1423.09302325581,4,436.81396484375,429.487182617188,1.01705932617188,0,0,0
33,1371.85401459854,1456.93430656934,4.39416058394161,435.875915527344,430.5625,1.01234066486359,0,0,0
34,1492.11707317073,1513.3674796748,5.99024390243902,427.001617431641,384.992950439453,1.10911536216736,0,0,0
35,1378.93892045455,1554.29119318182,6.17897727272727,445.372161865234,392.537506103516,1.13459777832031,0,0,0
36,1159.39583333333,671.493055555556,5,468.034729003906,407.4375,1.14872765541077,0,0,0
37,1451.34631147541,709.118852459016,6.68237704918033,404.063537597656,404.60205078125,0.998669028282166,0,0,0
38,1122.25609756098,719.829268292683,5,456.402435302734,444.371429443359,1.02707421779633,0,0,0
39,1572.44827586207,728.505747126437,5.20114942528736,415.494262695312,396.90576171875,1.04683351516724,0,0,0
40,1524.96,749.242352941176,6.94352941176471,403.627044677734,402.635101318359,1.00246357917786,0,0,0
41,1272.6626984127,801.218253968254,5.50793650793651,520.412719726562,476.0625,1.09316051006317,0,0,0
42,1404.65510597303,810.969171483622,6.39306358381503,443.506744384766,450.540222167969,0.984388768672943,0,0,0
43,1232.97683397683,819.644787644788,5.94980694980695,490.405395507812,447.017333984375,1.09706127643585,0,0,0
44,948.171075837742,856.834215167548,5.85890652557319,685.250427246094,542.738220214844,1.262580037117,1,1,1
45,1551.14659685864,850.811518324607,5.90575916230366,534.287963867188,456.033660888672,1.17159759998322,0,0,0
46,1399.05325443787,908.009861932939,7.0138067061144,714.106506347656,525.546997070312,1.35878717899323,1,1,0
47,1677.49425287356,923.67816091954,5,516.356323242188,478.882354736328,1.07825303077698,0,0,0
48,1672.09514563107,953.009708737864,6.53009708737864,613.00390625,522.293579101562,1.17367684841156,0,0,0
49,1850.85365853659,981.768292682927,5,534.146362304688,468.615386962891,1.13983952999115,0,0,0
50,1216.62256809339,990.68093385214,7.43093385214008,805.845336914062,537.67138671875,1.49876928329468,1,1,0
51,1098.65254237288,1036.60593220339,5.69067796610169,497.538146972656,471.384338378906,1.05548298358917,0,0,0
52,1144.36269430052,1083.9585492228,6.01554404145078,475.911926269531,463.633178710938,1.02648377418518,0,0,0
53,1243.96626984127,1084.82738095238,7.43849206349206,511.049591064453,470.797882080078,1.08549678325653,0,0,0
54,1597.3622754491,1110.23053892216,5.4311377245509,485.544921875,447.305877685547,1.08548748493195,0,0,0
55,1660.939453125,1132.638671875,6.029296875,597.5703125,480.907684326172,1.24258840084076,0,0,0
56,1631.56843403206,1167.39704069051,6.78914919852035,663.552429199219,499.495513916016,1.32844519615173,1,1,0
57,1601.36956521739,1176.13043478261,5,737.271728515625,576.75,1.27832114696503,1,1,0
58,1334.625,1213.88994565217,6.42663043478261,484.122283935547,424.285705566406,1.14102900028229,0,0,0
59,1598.53333333333,1216.56,5,510.266662597656,519.523803710938,0.982181489467621,0,0,0
60,1499.88571428571,1230.89047619048,6.43095238095238,444.505950927734,415.928161621094,1.0687084197998,0,0,0
61,1180.54982206406,1242.92526690391,7.09074733096085,463.905700683594,435.815399169922,1.06445455551147,0,0,0
62,1062.81181619256,1248.02625820569,6.13785557986871,480.479217529297,433.067687988281,1.10947835445404,0,0,0
63,1126.25961538462,1265.48076923077,5.89423076923077,441.653839111328,423.623199462891,1.04256296157837,0,0,0
64,1096.63815789474,1307.625,5,436.217102050781,396.285705566406,1.10076415538788,0,0,0
65,1768.73173173173,1342.48148148148,6.64464464464464,476.990997314453,415.432891845703,1.14817821979523,0,0,0
66,1327.58064516129,1343.32258064516,5,437.860229492188,408.037048339844,1.0730893611908,0,0,0
67,1439.452,1344.896,5.448,444.932006835938,409.886352539062,1.08550095558167,0,0,0
68,1056.44411764706,1349.78823529412,5.52352941176471,453.617645263672,437.897796630859,1.03589844703674,0,0,0
69,1235.2138996139,1381.15366795367,8.25868725868726,434.081848144531,403.008239746094,1.07710421085358,0,0,0
70,1555.24931506849,1387.01643835616,5.83013698630137,419.471221923828,377.840484619141,1.11018073558807,0,0,0
71,1293.71304347826,1403.48260869565,6.47971014492754,457.856536865234,416.710021972656,1.09874141216278,0,0,0
72,1343.8547008547,1418.33333333333,5.44017094017094,448.504272460938,426.166656494141,1.05241525173187,0,0,0
73,1667.18079096045,1423.22316384181,5.48305084745763,440.649719238281,390.678558349609,1.12790858745575,0,0,0
74,1770.03780487805,1426.38170731707,7.04390243902439,469.596343994141,432.577331542969,1.08557784557343,0,0,0
75,1506.78260869565,1443.1884057971,5,466.942016601562,444.083343505859,1.05147385597229,0,0,0
76,1370.44712430427,1455.21521335807,7.20037105751392,443.239318847656,414.605865478516,1.06906187534332,0,0,0
77,1233.41218637993,1461.43279569892,9.43458781362007,464.055541992188,407.613067626953,1.13847076892853,0,0,0
78,1559.26653102747,1466.49033570702,7.16988809766022,508.710083007812,420.909484863281,1.20859730243683,0,0,0
79,1237.70962732919,1478.2049689441,6.46894409937888,468.6552734375,405.726989746094,1.15510010719299,0,0,0
80,1417.67346938776,1500.63945578231,6.51020408163265,434.995452880859,410.128723144531,1.06063151359558,0,0,0
81,1469.56018518519,1519.05555555556,6.1087962962963,441.384246826172,400.181060791016,1.10296130180359,0,0,0
82,1086.79233226837,646.239616613419,6.5591054313099,420.948883056641,395.008392333984,1.06567072868347,0,0,0
83,1160.55445544554,673.32531824611,6.96746817538897,435.151336669922,394.850128173828,1.10206711292267,0,0,0
84,1228.41501103753,717.721854304636,7.07064017660044,410.099334716797,403.692047119141,1.01587176322937,0,0,0
85,1121.5641025641,720.965034965035,7.00699300699301,447.48486328125,417.052856445312,1.07296919822693,0,0,0
86,1572.61627906977,729.709302325581,6.41860465116279,426.802337646484,407.079986572266,1.04844832420349,0,0,0
87,1337.85321100917,750.798165137615,6,414.963317871094,405.116271972656,1.0243067741394,0,0,0
88,1113.11244377811,776.074962518741,7.02848575712144,425.464782714844,414.203704833984,1.02718734741211,0,0,1
89,1746.48717948718,817.549450549451,6.54578754578755,448.853485107422,434.880004882812,1.03213179111481,0,0,0
90,1621.17491749175,829.945544554455,7.71947194719472,480.235961914062,452.709777832031,1.06080317497253,0,0,0
91,1162.97959183673,834.836734693878,6,500.479583740234,458.617645263672,1.09127855300903,0,0,0
92,1660.67415730337,844.398073836276,7.62279293739968,581.9052734375,465.762939453125,1.24935936927795,1,1,0
93,1431.92608695652,902.317391304348,7.50652173913043,764.72607421875,568.446228027344,1.34529185295105,1,1,0
94,1676.66428571429,928.3,6,506.214294433594,497.799987792969,1.01690304279327,0,0,0
95,1250.53862212944,932.624217118998,6.96659707724426,611.133605957031,512.508483886719,1.19243609905243,0,0,0
96,1755.7380952381,986.798534798535,7.16117216117216,473.520141601562,476.127075195312,0.994524717330933,0,0,0
97,1279.35537190083,1000.81818181818,6,789.479309082031,606.628601074219,1.30142116546631,1,1,0
98,1418.05555555556,1027.72222222222,6,599.458312988281,489.078430175781,1.22568953037262,1,1,0
99,1526.33426183844,1055.14066852368,7.57033426183844,562.997192382812,483.652587890625,1.16405284404755,0,0,0
100,2047.73563218391,1091.43573667712,8.00835945663532,490.894470214844,447.972442626953,1.09581398963928,0,0,0
101,1638.85876623377,1109.88798701299,6.92694805194805,481.110382080078,470.79638671875,1.02190756797791,0,0,0
102,966.404982206406,1116.83629893238,8.87900355871886,452.295379638672,441.793548583984,1.02377092838287,0,0,0
103,1603.22535211268,1177.48679577465,8.60915492957746,690.478881835938,476.268463134766,1.44976818561554,1,1,0
104,1406.85908319185,1179.94567062818,9.60950764006791,721.217346191406,473.007141113281,1.52474939823151,1,1,1
105,1708.88168557536,1205.75364667747,7.0291734197731,469.448944091797,441.933959960938,1.062260389328,0,0,0
106,1598.22222222222,1216.2037037037,6.43055555555556,504.875,468.153839111328,1.07843828201294,0,0,0
107,1552.075,1274.95,6,499.549987792969,451.666656494141,1.10601472854614,0,0,0
108,1590.22666666667,1298.33688888889,8.848,438.077331542969,413.322631835938,1.05989193916321,0,0,0
109,1096.0376344086,1302.89247311828,6.37634408602151,445.419342041016,419.906982421875,1.06075716018677,0,0,0
110,1328.47288135593,1342.70677966102,7.4728813559322,458.033905029297,414.506958007812,1.1050089597702,0,0,0
111,1458.64210526316,1345,6.66315789473684,437.968414306641,428.104766845703,1.02304029464722,0,0,0
112,1646.30155979203,1355.40901213172,8.00693240901213,432.970550537109,408.715606689453,1.05934429168701,0,0,0
113,1139.4,1361.36666666667,6,471.033325195312,436.047607421875,1.08023369312286,0,0,0
114,1372.21804511278,1437.83709273183,7.90476190476191,447.531341552734,421.489868164062,1.06178438663483,0,0,0
115,1506.44708423326,1439.74298056155,6.8963282937365,450.9287109375,403.473999023438,1.1176153421402,0,0,0
116,1285.03448275862,1459.79310344828,7.12539184952978,478.58935546875,405.353942871094,1.18067026138306,0,0,0
117,1285.58139534884,1480.6976744186,6,525.674438476562,535.037048339844,0.982501029968262,0,0,0
118,1528.77987421384,1521.75681341719,7.58071278825996,436.132080078125,393.930236816406,1.10713028907776,0,0,0
119,1422.52166377816,1528.9150779896,7.99133448873483,426.904693603516,403.904510498047,1.05694460868835,0,0,0
120,1337.35139318885,750.791021671827,7.9953560371517,431.0634765625,430.163879394531,1.00209128856659,0,0,0
121,1406.21235521236,773.563706563707,7.52123552123552,460.544403076172,428.9375,1.07368648052216,0,0,0
122,1612.95143212951,780.453300124533,8.47820672478207,451.094635009766,429.703125,1.04978203773499,0,0,0
123,1205.63091922006,778.83426183844,8.49442896935933,611.9248046875,455.923217773438,1.34216630458832,1,1,0
124,1531.77777777778,790.403846153846,8.10042735042735,480.844024658203,429.659301757812,1.11912858486176,0,0,0
125,1289.7037037037,797.145969498911,7.9760348583878,638.376892089844,467.195404052734,1.36640238761902,1,1,0
126,1164.5493697479,837.091386554622,9.05567226890756,496.119750976562,461.182464599609,1.07575583457947,0,0,0
127,1500.43891402715,850.16742081448,7.95475113122172,619.488708496094,526.119018554688,1.17746877670288,0,0,0
128,1394.12371134021,860.907216494845,7,633.123718261719,498.533325195312,1.26997268199921,1,1,0
129,1678.10869565217,924.728260869565,7,500.804351806641,503.166656494141,0.995305120944977,0,0,0
130,1542.54177897574,963.299191374663,7.42318059299191,855.056579589844,621.021179199219,1.37685573101044,1,1,0
131,1282.39085545723,999.489675516224,8.46607669616519,831.461669921875,559.748168945312,1.48542094230652,1,1,0
132,1587.34328358209,999.522388059701,7.51243781094527,652.955200195312,552.49365234375,1.18183290958405,1,1,0
133,1076.91195652174,1022.11195652174,8.81847826086956,654.746765136719,492.59619140625,1.32917547225952,1,1,0
134,1475.07106598985,1051.13324873096,9.32360406091371,502.312194824219,467.852233886719,1.07365560531616,0,0,0
135,1478.06153846154,1049.6,7,512.769226074219,438,1.17070603370667,0,0,0
136,1639.73367875648,1063.5689119171,8.96787564766839,488.99169921875,465.327453613281,1.05085504055023,0,0,0
137,1586.54285714286,1127.49285714286,7,484.507141113281,460.178558349609,1.05286765098572,0,0,0
138,1312.01818181818,1177.2,7,578.027282714844,456.363647460938,1.2665935754776,1,1,0
139,1676.88070175439,1194.01929824561,9.10175438596491,482.403503417969,441.675811767578,1.09221172332764,0,0,0
140,1192.54545454545,1239.30707070707,8.56969696969697,466.694946289062,423.068176269531,1.10311996936798,0,0,0
141,1127.77607361963,1265.48466257669,7.53680981595092,444.049072265625,397.598297119141,1.11682844161987,0,0,0
142,1277.38359201774,1298.16297117517,8.50554323725055,442.7294921875,410.384735107422,1.07881569862366,0,0,0
143,1441.16203703704,1342.19907407407,8.01851851851852,448.71142578125,422.552917480469,1.06190586090088,0,0,1
144,1055.40983606557,1349.53278688525,7,463.221313476562,434.738098144531,1.06551814079285,0,0,0
145,1459.21641791045,1358.5,7.86567164179105,414.671630859375,405.662933349609,1.02220737934113,0,0,0
146,1064.18292682927,1369.56097560976,8.57164634146342,440.989318847656,409.977447509766,1.07564282417297,0,0,0
147,1555.89451476793,1385.26019690577,8.76371308016878,444.407867431641,391.434051513672,1.13533270359039,0,0,0
148,1693.71283354511,1405.58958068615,8.43329097839898,445.592132568359,412.552947998047,1.08008468151093,0,0,0
149,1547.24767540152,1459.92476754015,9.91293322062553,436.256988525391,416.321533203125,1.0478847026825,0,0,0
150,1284.92660550459,1477.88073394495,7.50917431192661,539.853210449219,420.073516845703,1.28513979911804,1,1,0
151,1229.07142857143,1529.03571428571,7.42857142857143,425.636901855469,387.7890625,1.09759902954102,0,0,0
152,1100.5406504065,683.979674796748,9.05487804878049,425.841461181641,384.671234130859,1.10702705383301,0,0,0
153,1744.92,695.438,9.09,360.813995361328,357.841156005859,1.00830769538879,0,0,0
154,1112.17857142857,708.642857142857,8,356.273803710938,379.054046630859,0.939902365207672,0,0,0
155,1636.2375,730.520833333333,9.16458333333333,421.087493896484,393.111907958984,1.07116448879242,0,0,0
156,1633.18918918919,734.378378378378,8,440.855865478516,412.875,1.06777083873749,0,0,0
157,1324.11513583441,792.7425614489,10.2005174644243,417.685638427734,401.221740722656,1.04103446006775,0,0,0
158,1247.95925925926,795.533333333333,9.04814814814815,444.540740966797,420.056610107422,1.05828773975372,0,0,0
159,1422.34074074074,812.474074074074,9.07777777777778,468.392578125,429.739990234375,1.0899441242218,0,0,0
160,1514.26272912424,820.122199592668,9.35641547861507,609.191467285156,488.855010986328,1.24615979194641,1,1,0
161,1190.81481481481,847.444444444444,8,461.592590332031,490,0.942025721073151,0,0,0
162,1395.19620253165,862.867088607595,8,669.424072265625,488.235290527344,1.37110960483551,1,1,0
163,1366.24157303371,865.047752808989,8.44662921348315,562.132019042969,470.246917724609,1.19539761543274,0,1,0
164,1587.45283018868,860.22641509434,8,591.169799804688,482.222229003906,1.2259281873703,0,0,0
165,1452.66574585635,945.46408839779,8.51657458563536,583.571838378906,535.483154296875,1.08980429172516,0,0,0
166,1563.57967032967,960.39010989011,9.01648351648352,554.056335449219,490.532012939453,1.12950086593628,0,0,0
167,1048.22518159806,1012.45036319613,9.57142857142857,507.102905273438,472.045043945312,1.07426798343658,0,0,0
168,1549.75322580645,1030.13870967742,9.05645161290323,627.551635742188,519.335693359375,1.20837378501892,1,1,0
169,995.053543307087,1056.00157480315,9.02834645669291,512.853515625,466.270782470703,1.0999048948288,0,0,0
170,1626.13383297645,1053.63276231263,10.3811563169165,748.553527832031,495.499481201172,1.51070499420166,1,1,0
171,1304.39240506329,1085.95780590717,8.49789029535865,497.358642578125,470.405944824219,1.0572966337204,0,0,0
172,1071.89779874214,1109.25157232704,9.41352201257862,512.437133789062,485.005950927734,1.0565584897995,0,0,0
173,1833.63354037267,1110.07453416149,8,494.409942626953,461.966674804688,1.07022857666016,0,0,0
174,1608.74392935982,1111.76821192053,9.16335540838852,453.004425048828,442.042816162109,1.02479755878448,0,0,0
175,1663.38541666667,1138.31597222222,8,618.552062988281,490.475006103516,1.26112866401672,1,1,1
176,1621.03996366939,1165.5540417802,9.98910081743869,727.401428222656,496.722808837891,1.4644011259079,1,1,0
177,1311.22727272727,1177.62587412587,9.51282051282051,526.755249023438,458.315795898438,1.14932811260223,0,0,0
178,1317.54810495627,1209.87172011662,8.98542274052478,482.276977539062,446.423645019531,1.08031237125397,0,0,0
179,1293.18597236982,1273.11902231668,10.480340063762,460.154083251953,423.558135986328,1.08640122413635,0,0,0
180,1219.78954607978,1296.16643741403,10.181568088033,472.713897705078,432.576782226562,1.09278607368469,0,0,0
181,1297.54455445545,1335.82068206821,10.0825082508251,440.602874755859,409.570861816406,1.07576715946198,0,0,0
182,1080.54721030043,1332.42918454936,9.1137339055794,446.259643554688,420.764099121094,1.06059348583221,0,0,0
183,1460.94805194805,1343.44155844156,8,462.233764648438,420.696960449219,1.09873330593109,0,0,0
184,1724.70396475771,1352.00440528634,11.5955947136564,432.258148193359,410.440490722656,1.05315673351288,0,0,0
185,1241.71174377224,1359.60735468565,10.1921708185053,425.601409912109,420.628509521484,1.0118225812912,0,0,0
186,1289.1013046815,1379.88411358404,10.4934765924789,489.927856445312,418.921020507812,1.16949939727783,0,0,0
187,1529.31952662722,1397.44970414201,8,445.035491943359,408.641021728516,1.08906221389771,0,0,0
188,1569.82142857143,1420.58928571429,8,445.642852783203,430.359985351562,1.03551185131073,0,0,0
189,1068.84923339012,1443.68568994889,10.6678023850085,426.378204345703,415.768310546875,1.02551877498627,0,0,0
190,1267.38888888889,1440.44444444444,8,494.777770996094,425.299987792969,1.16336178779602,0,0,0
191,1419.11363636364,1486.78099173554,9.03719008264463,426.778930664062,402.572784423828,1.06012856960297,0,0,0
192,1104.36234626301,1493.57899716178,9.98297067171239,459.080413818359,409.608642578125,1.12077808380127,0,0,0
193,1371.65698729583,1583.07259528131,9.61343012704174,443.065338134766,379.564483642578,1.16729927062988,0,0,0
194,1554.875,1617.51785714286,8,414,374.375,1.10584306716919,0,0,0
195,1407.04545454545,1622.36363636364,8,380.556823730469,369.666656494141,1.02945947647095,0,0,0
196,1143.86102719033,1624.63141993958,9.1631419939577,402.04833984375,373.210235595703,1.07727038860321,0,0,0
197,1035.92822966507,575.607655502392,9,335.105255126953,351.137512207031,0.954341948032379,0,0,1
198,1621.72075471698,588.044025157233,11.2553459119497,367.147155761719,370.343658447266,0.99136883020401,0,0,0
199,1817.6164874552,597.759856630824,9.46594982078853,382.910400390625,381.464294433594,1.003790974617,0,0,0
200,1705.975,674.766666666667,9,339.533325195312,369.100006103516,0.919895231723785,0,0,0
201,1718.59574468085,682.022913256956,10.4255319148936,318.484466552734,348.726287841797,0.913279175758362,0,0,0
202,1717.77027027027,685.067567567568,9,351.270263671875,330.115386962891,1.06408333778381,0,0,0
203,1794.12628865979,703.105670103093,9.55670103092783,370,372.364044189453,0.993651270866394,0,0,0
204,1112.84854014599,707.810218978102,10.4251824817518,362.664245605469,366.023040771484,0.990823566913605,0,0,0
205,1642.11967213115,750.996721311475,10.0081967213115,357.795074462891,397.995849609375,0.898992002010345,0,0,0
206,1658.20238095238,761.178571428571,9,493.464294433594,417.461547851562,1.1820592880249,0,0,0
207,1493.43324250681,783.068119891008,9.47956403269755,480.446868896484,422.221588134766,1.13790214061737,0,0,0
208,1113.5881104034,783.273885350318,9.49469214437367,466.490447998047,427.917083740234,1.09014213085175,0,0,0
209,1754.35185185185,825.166666666667,9,461.037048339844,439.461547851562,1.04909527301788,0,0,0
210,1186.69805194805,847.970779220779,9.43831168831169,491.084411621094,447.475006103516,1.09745657444,0,0,1
211,1665.90497737557,857.14479638009,9.51131221719457,643.366516113281,520.395812988281,1.23630225658417,1,1,0
212,1589.15523465704,860.888086642599,10.5324909747292,577.413330078125,491.356628417969,1.17514097690582,0,0,0
213,1189.41509433962,864.431266846361,9.62533692722372,599.954162597656,516.9384765625,1.16059100627899,0,0,0
214,1587.05555555556,887.483796296296,9.98611111111111,538.296325683594,469.448028564453,1.14665794372559,0,0,0
215,1151.82222222222,943.4,9,516,497.818176269531,1.0365229845047,0,0,0
216,1846.65562913907,977.695364238411,9,496.980133056641,474.777770996094,1.04676365852356,0,0,0
217,1258.62771285476,989.200333889816,9.99332220367279,575.288818359375,512.830017089844,1.12179243564606,0,0,1
218,1756.42162162162,987.810810810811,9,462.124328613281,500.96923828125,0.922460496425629,0,0,0
219,1237.95144508671,995.662427745665,10.3445086705202,560.304016113281,486.844848632812,1.15088820457458,0,0,0
220,1521.30628517824,1002.96951219512,12.1519699812383,655.474670410156,501.446136474609,1.30716860294342,1,1,0
221,1585.88118811881,997.70297029703,9,725.623779296875,566.323547363281,1.28128838539124,1,1,0
222,1760.6875,1011.95,9,535.525024414062,537.166687011719,0.996943831443787,0,0,0
223,1404.05161290323,1101.45806451613,9.48387096774194,481.374206542969,442.350891113281,1.08821797370911,0,0,0
224,1834.46776406036,1108.93141289438,10.0068587105624,514.504821777344,460.681823730469,1.11683332920074,0,0,0
225,1663.17221418234,1167.20839363242,10.0868306801737,750.945007324219,509.8935546875,1.47274851799011,1,1,0
226,1613.70796460177,1209.91150442478,9.58407079646018,676.592895507812,505.653839111328,1.33805549144745,1,1,0
227,1623.1914893617,1248.58865248227,9,440.198577880859,432.101013183594,1.01873993873596,0,0,0
228,1127.06666666667,1263.67766323024,11.033676975945,384.626800537109,399.704833984375,0.962277054786682,0,0,1
229,1580.04347826087,1268.10997442455,10.0102301790281,434.222503662109,418.734802246094,1.03698694705963,0,0,0
230,1158.06546854942,1302.97689345315,10.5558408215661,453.76123046875,427.015838623047,1.06263327598572,0,0,0
231,991.891485809683,1309.25041736227,10.025041736227,441.373962402344,411.1513671875,1.07350718975067,0,0,0
232,1578.65644171779,1314.33946830266,10.5950920245399,444.087921142578,403.511566162109,1.10055804252625,0,0,0
233,1132.25779036827,1320.61331444759,10.6118980169972,384.906524658203,381.50732421875,1.0089099407196,0,0,0
234,1357.49597855228,1351.34048257373,10.0053619302949,439.380706787109,411.207458496094,1.06851351261139,0,0,0
235,1461.28985507246,1358.83937198068,10.5132850241546,431.141296386719,401.615966796875,1.07351636886597,0,0,0
236,1533.42875816993,1395.09281045752,10.5869281045752,464.244445800781,404.326599121094,1.14819169044495,0,0,0
237,1570.5,1420.49473684211,9.48947368421053,433.068420410156,412.846923828125,1.04898059368134,0,0,0
238,1286.03472222222,1457.94212962963,9.9537037037037,492.032409667969,425.812774658203,1.15551352500916,0,0,0
239,1533.74366197183,1466.72112676056,9.84507042253521,443.794372558594,410.631958007812,1.08075940608978,0,0,0
240,1286.33333333333,1476.875,9,552.333312988281,601.333312988281,0.918514430522919,0,0,0
241,1337.68050314465,1486.19371069182,10.5584905660377,428.315734863281,397.497253417969,1.07753133773804,0,0,1
242,1012.19312796209,1507.65521327014,10.4940758293839,415.672973632812,396.046966552734,1.04955470561981,0,0,0
243,1499.17965367965,1550.58225108225,10.6298701298701,473.281372070312,383.487701416016,1.23415005207062,0,0,0
244,1226.43829787234,1581.07234042553,9.89787234042553,425.036163330078,386.467987060547,1.09979653358459,0,0,0
245,1413.36900369004,1619.25092250923,9,402.985229492188,385.248321533203,1.04604017734528,0,0,1
246,1477.21568627451,1615.13725490196,9,416.215698242188,374.25,1.11213278770447,0,0,0
247,1410.6586059744,1665.9359886202,10.8705547652916,399.877655029297,365.904846191406,1.09284603595734,0,0,0
248,1038.77541729894,574.690440060698,11.0030349013657,334.860382080078,348.647644042969,0.960455000400543,0,0,0
249,1678.52763819095,624.381909547739,11.0050251256281,319.911224365234,355.167419433594,0.900733590126038,0,0,0
250,1513.10309278351,666.932989690722,10.5360824742268,414.144317626953,380.076080322266,1.08963525295258,0,0,0
251,1609.68824940048,671.414868105516,11.0815347721823,352.505981445312,379.299621582031,0.929360210895538,0,0,0
252,1566.69788519637,762.492447129909,10.5045317220544,468.287017822266,411.882843017578,1.13694226741791,0,0,0
253,1658.63319672131,761.454918032787,10.9733606557377,422.104522705078,388.355255126953,1.08690309524536,0,0,0
254,1413.07886435331,775.895899053628,10.4889589905363,453.675079345703,412.831848144531,1.09893429279327,0,0,0
255,1368.23293172691,872.29718875502,10,572.28515625,461.761016845703,1.23935353755951,0,0,1
256,1372.58510638298,900.904255319149,10.2446808510638,502.276580810547,474.696014404297,1.05810153484344,0,0,0
257,1521.56818181818,928.55303030303,10,956.446960449219,522.805541992188,1.82945072650909,1,1,0
258,1416.84810126582,940.962025316456,10,790.898742675781,635,1.24550986289978,1,1,0
259,1152.49717514124,943.457627118644,10.5028248587571,527.214660644531,505.396820068359,1.04316973686218,0,0,0
260,1841.06666666667,967.314285714286,10,506.904754638672,451.480010986328,1.12276232242584,0,0,1
261,1768.52727272727,964.218181818182,10,576.200012207031,512.846130371094,1.12353384494781,0,0,0
262,1179.3119266055,981.078636959371,11.3958060288336,720.736572265625,502.289306640625,1.43490326404572,1,1,0
263,1848.13235294118,979.419117647059,10,488.529418945312,466.173919677734,1.04795527458191,0,0,0
264,1600.52781211372,1012.88751545117,11.566131025958,720.29296875,511.429351806641,1.40839195251465,1,1,0
265,1759.64102564103,1015.22051282051,10,597.574340820312,516.960754394531,1.15593755245209,0,0,1
266,1742.76614481409,1044.03228962818,11.0880626223092,451.315063476562,453.392608642578,0.995417773723602,0,0,0
267,1203.60723514212,1103.47028423773,11.1266149870801,463.720916748047,447,1.03740692138672,0,0,0
268,1596.33764135703,1115.31017770598,10.9741518578352,480.121154785156,442.066070556641,1.08608460426331,0,0,0
269,1513.71662125341,1119.62125340599,11.1280653950954,471.182556152344,441.924285888672,1.06620657444,0,0,0
270,1436.88831168831,1164.24155844156,11.0441558441558,505.953247070312,477.229064941406,1.06018948554993,0,0,0
271,1626.1640625,1246.0390625,10.529296875,448.244140625,435.465576171875,1.02934455871582,0,0,1
272,1687.88095238095,1244.0306122449,11.640589569161,463.749420166016,427.596771240234,1.08454847335815,0,0,0
273,1496.50458715596,1255.69724770642,10,499.559631347656,430.844451904297,1.15948951244354,0,0,0
274,1186.3417721519,1263.55696202532,10,448.784820556641,420.294128417969,1.06778752803802,0,0,0
275,1333.88888888889,1382.67592592593,10,423.046295166016,419.304351806641,1.00892412662506,0,0,0
276,1286.70491803279,1474.24590163934,10,496.721313476562,439,1.13148367404938,0,0,0
277,1246.65794066318,1497.50261780105,11.5776614310646,484.319366455078,415.747375488281,1.16493666172028,0,0,0
278,1275.29718875502,1510.34136546185,11.0983935742972,466.929718017578,405.717956542969,1.15087270736694,0,0,0
279,1294.34931506849,1535.93721461187,11.9052511415525,462.617584228516,403.291870117188,1.14710366725922,0,0,1
280,1180.210591133,1561.06280788177,11.7204433497537,446.118225097656,396.231781005859,1.12590217590332,0,0,0
281,1381.50819672131,1599.4262295082,10,391.934417724609,398.090911865234,0.984534978866577,0,0,0
282,1477.78846153846,1615.07211538462,10.5480769230769,408.403839111328,377.399993896484,1.08215117454529,0,0,0
283,1408.97924528302,1620.08867924528,11.0754716981132,403.545288085938,388.371307373047,1.03907084465027,0,0,0
284,1371.71111111111,1645.08444444444,10.4844444444444,412.399993896484,371.952392578125,1.10874402523041,0,0,0
285,1209.57328990228,535.403908794788,11.4690553745928,379.895751953125,368.017150878906,1.03227734565735,0,0,0
286,1066.77179962894,584.124304267161,12.0204081632653,328.797760009766,348.784271240234,0.942696630954742,0,0,0
287,1603.73880597015,606.089552238806,11.9029850746269,437.119415283203,412.664642333984,1.05926060676575,0,0,0
288,1261.74626865672,673.194029850746,11.4888059701493,340.3544921875,368.173919677734,0.924439430236816,0,0,0
289,1252.06983240223,676.966480446927,12.5013966480447,358.698333740234,367.333343505859,0.976492702960968,0,0,0
290,964.033096926714,674.791962174941,12.0496453900709,347.600463867188,364.382263183594,0.953944504261017,0,0,0
291,1112.05479452055,691.559931506849,11.9897260273973,351.356170654297,370.414733886719,0.948548018932343,0,0,0
292,1293.2677532014,711.558789289872,12.6565774155995,398.704315185547,385.524566650391,1.0341864824295,0,0,0
293,1604.6163141994,727.555891238671,12.0574018126888,403.492462158203,381.548034667969,1.05751419067383,0,0,0
294,1610.53448275862,771.801724137931,11,411.362060546875,389.073181152344,1.05728709697723,0,0,0
295,1653.75613496933,784.653374233129,12.9141104294479,588.702453613281,431.234008789062,1.36515772342682,1,1,0
296,1083.18897637795,829.580052493438,11.992125984252,451.049865722656,414.548706054688,1.088050365448,0,0,0
297,1297.1524822695,836.90780141844,11.4964539007092,725.287231445312,470.769226074219,1.54064285755157,1,1,0
298,1372.01666666667,855.583333333333,11,501.450012207031,483.416656494141,1.03730392456055,0,0,0
299,1452.15457413249,871.129337539432,12.1482649842271,790.992126464844,528.546997070312,1.49654078483582,1,1,0
300,1523.25462962963,928.098765432099,12.0416666666667,1024.91516113281,567.0283203125,1.8075202703476,1,1,0
301,1589.95141700405,945.10661268556,12.5695006747638,745.973022460938,525.880310058594,1.41852247714996,1,1,0
302,1525.89962121212,962.964015151515,11.5094696969697,837.395812988281,531.211120605469,1.5763897895813,1,1,0
303,1766.3347826087,965.360869565217,11,656.443481445312,549.038940429688,1.1956228017807,0,1,1
304,1843.36090225564,972.467669172932,11.9774436090226,503.466156005859,455.108703613281,1.10625469684601,0,0,0
305,971.560364464692,1004.41002277904,13.3211845102506,502.320037841797,467.457275390625,1.07457959651947,0,0,0
306,1200.35555555556,1091.37777777778,11,501.833343505859,430.476196289062,1.16576325893402,0,0,0
307,1585.27966101695,1134.91101694915,11.521186440678,459.110168457031,433.211547851562,1.05978286266327,0,0,0
308,1614.84602076125,1208.55363321799,11.9498269896194,677.394470214844,459.923278808594,1.47284233570099,1,1,0
309,1057.71023965142,1211.06535947712,12.5664488017429,455.862731933594,425.806976318359,1.07058537006378,0,0,0
310,1866.36585365854,1222.37594617325,13.9629941126997,483.513885498047,438.678527832031,1.10220551490784,0,0,0
311,1265.575,1239.63333333333,11,455.625,439.333343505859,1.03708267211914,0,0,0
312,1497.75510204082,1253.33333333333,11,487.251708984375,457,1.0661963224411,0,0,0
313,1184.29801324503,1253.59933774834,11.4271523178808,461.496673583984,416.876251220703,1.1070351600647,0,0,0
314,1609.75764705882,1325.74117647059,12.1435294117647,409.616485595703,394.979888916016,1.03705656528473,0,0,0
315,1058.81805157593,1345.70343839542,12.580229226361,442.885375976562,408.784759521484,1.08341944217682,0,0,0
316,1208.58832335329,1366.45209580838,13.8517964071856,474.997009277344,414.834228515625,1.14502847194672,0,0,0
317,1495.79565217391,1366.48913043478,12.3826086956522,471.343475341797,428.732086181641,1.09938931465149,0,0,0
318,1333.37962962963,1381.80864197531,11.4969135802469,429.830261230469,418.817657470703,1.02629446983337,0,0,0
319,1387.56962025316,1405.61518987342,11.5721518987342,462.86328125,424.058837890625,1.09150719642639,0,0,0
320,1172.0390070922,1415.70567375887,12.4946808510638,446.790771484375,404.161590576172,1.1054755449295,0,0,0
321,1270.86697965571,1421.65414710485,12.0266040688576,459.295776367188,415.371337890625,1.10574734210968,0,0,1
322,1506.92405063291,1418.99367088608,11.496835443038,424.313293457031,411.546875,1.03102052211761,0,0,1
323,1194.08652657602,1432.19283065513,12.6378244746601,417.380706787109,405.469146728516,1.02937722206116,0,0,0
324,1431.50130548303,1471.91775456919,13.1644908616188,427.814636230469,399.751373291016,1.07020175457001,0,0,0
325,1420.4,1486.225,11,439.358337402344,403.807678222656,1.08803856372833,0,0,0
326,1190.8813559322,1500.14285714286,11.5278450363196,432.849884033203,403.699523925781,1.07220804691315,0,0,0
327,1423.69736842105,1516.82894736842,11,427.276306152344,415.296295166016,1.02884685993195,0,0,0
328,1490.38418079096,1528.37288135593,12.2881355932203,413.505645751953,394.850219726562,1.04724681377411,0,0,1
329,1382.15339233038,1597.01474926254,11.976401179941,402.303833007812,378.040008544922,1.06418323516846,0,0,0
330,1325.27586206897,1619.20689655172,12.5615763546798,402.857147216797,382.869995117188,1.05220353603363,0,0,0
331,1146.42647058824,1621.73529411765,11,396.808837890625,396.727264404297,1.00020563602448,0,0,0
332,1573.48128342246,1634.56417112299,12.0695187165775,423.700531005859,367.985565185547,1.15140533447266,0,0,0
333,1742.1223628692,579.105485232068,13.3966244725738,369.661041259766,362.222503662109,1.02053582668304,0,0,0
334,1466.11627906977,617.53488372093,12,387.395355224609,379.8125,1.01996469497681,0,0,0
335,1530.609375,644.3515625,12.7109375,381.03125,417.5068359375,0.91263473033905,0,0,0
336,1577.28869047619,672.869047619048,12.4910714285714,397.380950927734,378.76806640625,1.04914057254791,0,0,0
337,1611.57777777778,775.44,12,423.968902587891,403.554229736328,1.05058717727661,0,0,0
338,1389.4530075188,793.163533834586,13.0075187969925,392.667297363281,402.562103271484,0.975420415401459,0,0,0
339,1342.82436260623,791.124645892351,13.1558073654391,462.416442871094,419.630432128906,1.10196113586426,0,0,0
340,1422.36515513126,837.307875894988,13.1169451073986,842.539367675781,481.369476318359,1.7502965927124,1,1,0
341,1649.0025,842.6325,12.9175,607.234985351562,529.190734863281,1.14747846126556,0,0,0
342,1373.43043478261,856.721739130435,12.5086956521739,509.578247070312,454.207550048828,1.12190616130829,0,0,0
343,1696.82746478873,886.204225352113,12.4859154929577,728.43310546875,522.354309082031,1.39451920986176,1,1,0
344,1469.63188405797,931.014492753623,12.5159420289855,717.472473144531,523.200012207031,1.37131583690643,1,1,0
345,1767.60365853659,961.871951219512,12,596.493896484375,474.571441650391,1.25691068172455,1,1,0
346,1369.74789915966,1016.69537815126,12.4978991596639,582.014709472656,503.764709472656,1.15533041954041,0,0,0
347,1017.07165605096,1046.75955414013,13.1050955414013,431.374206542969,441.146026611328,0.977849006652832,0,0,0
348,1511.6149870801,1059.95219638243,13.5103359173127,794.806213378906,526.162719726562,1.51057112216949,1,1,0
349,1632.85483870968,1096.85483870968,12,651.903198242188,584.608703613281,1.11511027812958,0,0,0
350,1837.34545454545,1104.23636363636,12,502.072723388672,564.111083984375,0.890024542808533,0,0,0
351,1707.92576419214,1141.15829694323,13.3002183406114,426.169219970703,415.984039306641,1.02448451519012,0,0,0
352,1606.37192118227,1181.96551724138,13.5775862068966,680.881774902344,462.442565917969,1.4723596572876,1,1,0
353,1547.95605381166,1212.87713004484,14.6134529147982,503.682525634766,422.828430175781,1.19122195243835,1,1,0
354,1440.79310344828,1218.27586206897,12,433.534484863281,413.825012207031,1.04762756824493,0,0,0
355,1518.1512605042,1242.15546218487,12,464.869750976562,407.244903564453,1.14149928092957,0,0,1
356,1883.50121654501,1251.86618004866,12.5596107055961,468.389282226562,435.507690429688,1.07550179958344,0,0,0
357,1498.59918478261,1260.96059782609,13.59375,417.744567871094,405.662658691406,1.02978312969208,0,0,0
358,1108.02649006623,1268.79635761589,14.2516556291391,433.925506591797,404.248596191406,1.07341253757477,0,0,0
359,1593.4126984127,1294.820861678,12.9365079365079,441.197265625,399.351165771484,1.10478520393372,0,0,0
360,1330.89035087719,1296.47368421053,12.4605263157895,434.942993164062,415,1.04805541038513,0,0,0
361,1451.35279187817,1299.10279187817,13.6319796954315,514.5380859375,427.432952880859,1.20378661155701,0,0,0
362,947.814004376368,1302.40700218818,13.5426695842451,435.105041503906,415.601623535156,1.04692816734314,0,0,0
363,1570.18329177057,1385.37655860349,13.5224438902743,447.889038085938,403.790466308594,1.10921156406403,0,0,0
364,1638.18527918782,1440.42639593909,13.1015228426396,424.939086914062,411.003753662109,1.03390562534332,0,0,0
365,1565.0447761194,1458.18905472637,12.3731343283582,478.432830810547,434.494689941406,1.10112464427948,0,0,1
366,1377.69680851064,1480.29255319149,12.4840425531915,447.941497802734,409.878784179688,1.09286332130432,0,0,0
367,1412.02218700475,1482.88431061807,12.9635499207607,446.82568359375,405.119354248047,1.10294830799103,0,0,0
368,1474.03381642512,1498.14009661836,12.5024154589372,394.903381347656,392.885406494141,1.00513625144958,0,0,0
369,1251.37878787879,1595.69696969697,12,397.030303955078,376.416656494141,1.054762840271,0,0,0
370,1291.5963401507,1604.08073196986,13.9601722282024,442.993530273438,393.961242675781,1.12445962429047,0,0,0
371,1364.49078947368,1604.75131578947,13.5394736842105,390.972381591797,378.656005859375,1.0325266122818,0,0,1
372,1430.85308056872,1626.02606635071,13.0568720379147,421.353088378906,387.149322509766,1.08834779262543,0,0,0
373,1472.92537313433,1638.26865671642,12,404.402984619141,380.456512451172,1.06294143199921,0,0,0
374,1373.26497277677,1642.10526315789,13.0925589836661,403.943725585938,370.716339111328,1.08963024616241,0,0,0
375,1354.03978779841,490.586206896552,13.4403183023873,354.769226074219,357.872344970703,0.991328954696655,0,0,0
376,1692.73434535104,528.719165085389,14.7950664136622,343.318786621094,336.874816894531,1.01912868022919,0,0,1
377,973.19,575.688333333333,13.9733333333333,332.970001220703,359.7724609375,0.925501644611359,0,0,0
378,1132.50877192982,598.59649122807,13,390.140350341797,368.956512451172,1.05741548538208,0,0,0
379,1603.50828729282,604.24861878453,13,436.806640625,373.279998779297,1.17018496990204,0,0,0
380,1685.14179104478,666.731343283582,14.0124378109453,335.835815429688,340.639343261719,0.985898494720459,0,0,0
381,1263.15606936416,673.508670520231,13.485549132948,337.60693359375,357.5,0.944355070590973,0,0,0
382,1267.07627118644,810.372881355932,13,502.042358398438,423.620697021484,1.18512237071991,0,0,0
383,1394.2096069869,824.318777292576,13.4934497816594,492.270751953125,435.177581787109,1.13119506835938,0,0,0
384,1176.11111111111,838.077777777778,13,464.522216796875,404.53125,1.14829742908478,0,0,0
385,1299.04901960784,839.401960784314,13,643.009826660156,521.549987792969,1.23288249969482,0,0,0
386,1730.29850746269,897.346268656716,13.4805970149254,782.035827636719,540.324157714844,1.44734561443329,1,1,0
387,1301.02387267905,900.900530503979,14.5981432360743,776.952270507812,545.0224609375,1.42554175853729,1,1,0
388,1429.2612244898,919.971428571429,13.5265306122449,942.567321777344,565.904357910156,1.6655946969986,1,1,0
389,1407.7802907916,922.513731825525,14.7108239095315,771.355407714844,529.055419921875,1.45798599720001,1,1,0
390,1535.96882494005,925.575539568345,13.9520383693046,1248.47485351562,606.247924804688,2.05934691429138,1,1,0
391,1750.21135029354,943.29843444227,15.1829745596869,788.093933105469,508.611938476562,1.54949951171875,1,1,0
392,1294.17647058824,968.088235294118,13,965.911743164062,666.75,1.44868648052216,0,0,0
393,1231.30914826498,1011.16246056782,15.0110410094637,675.141967773438,511.835052490234,1.31906163692474,1,1,0
394,1304.06467661692,1073.90049751244,13,513.522399902344,473.764709472656,1.08391869068146,0,0,0
395,1465.44810126582,1076.69620253165,13.5620253164557,976.746826171875,527.252197265625,1.85252296924591,1,1,0
396,1701.97067669173,1082.71578947368,15.1172932330827,432.834594726562,436.342224121094,0.991961300373077,0,0,1
397,1200.31409001957,1093.08610567515,14.4461839530333,409.553802490234,436.547637939453,0.938165187835693,0,0,0
398,989.601045296167,1094.16202090592,13.9895470383275,473.548767089844,432.590911865234,1.09468030929565,0,0,0
399,1635.06172839506,1096.98765432099,13,601.049377441406,563.26318359375,1.06708443164825,0,0,0
400,1225.24876237624,1104.93316831683,14.6435643564356,724.529724121094,534.985778808594,1.35429716110229,1,1,0
401,1323.57451403888,1115.44060475162,14.0518358531317,1020.96545410156,618.593505859375,1.65046262741089,1,1,0
402,1585.18827160494,1134.13271604938,13.4537037037037,478.407409667969,435.522735595703,1.09846711158752,0,0,0
403,1031.07460960093,1154.13707345286,16.2544823597455,426.230773925781,425.027496337891,1.00283110141754,0,0,1
404,1647.14769975787,1167.11380145278,14.6404358353511,535.538757324219,471.608856201172,1.13555705547333,0,0,0
405,1289.43558282209,1184.24539877301,13,457.024536132812,433.116882324219,1.05519902706146,0,0,0
406,1684.45505097312,1201.09731232623,14.6441149212234,446.711761474609,431.169799804688,1.03604602813721,0,0,1
407,1440.93506493506,1215.77272727273,13,425.090911865234,396.851837158203,1.07115769386292,0,0,0
408,1422.84482758621,1237.93103448276,13,486.206909179688,406.444458007812,1.19624435901642,0,0,0
409,1518.9324055666,1245.11530815109,13.5566600397614,470.320068359375,422.453521728516,1.11330604553223,0,0,1
410,1244.26535626536,1248.63144963145,14.8574938574939,436.960693359375,412.048706054688,1.06045889854431,0,0,0
411,1044.46279491833,1262.03629764065,14.0417422867514,447.357543945312,420.700012207031,1.0633647441864,0,0,0
412,1130.03263403263,1310.31468531469,13.1561771561772,370.575744628906,382.404479980469,0.969067454338074,0,0,0
413,1565.73178594455,1350.81947130883,15.8265635074146,405.48486328125,385.579254150391,1.05162525177002,0,0,0
414,1333.82692307692,1380.80769230769,13,424.355773925781,411.083343505859,1.03228652477264,0,0,0
415,1157.77977378576,1394.6753160346,16.7019294743846,440.813720703125,411.302337646484,1.0717511177063,0,0,0
416,1683.83561643836,1409.94520547945,13,446.301361083984,419.193542480469,1.06466662883759,0,0,0
417,1555.80141843972,1441.44680851064,13.5035460992908,472.524810791016,420.769226074219,1.12300229072571,0,0,0
418,1251.55209347614,1451.89678675755,14.3631937682571,429.271667480469,399.870849609375,1.07352578639984,0,0,0
419,1550.36046511628,1448.41279069767,13.9651162790698,456.924407958984,433.602264404297,1.05378699302673,0,0,0
420,1567.69846153846,1453.49846153846,13.6523076923077,458.055389404297,399.971832275391,1.14521908760071,0,0,0
421,1773.32265717675,1495.19335705813,13.9905100830368,443.899169921875,418.691101074219,1.0602068901062,0,0,0
422,1191.1847133758,1501.02229299363,13.4745222929936,452.722930908203,403.495056152344,1.12200367450714,0,0,0
423,1011.63392857143,1504.36607142857,13,385.535705566406,399.53125,0.964970111846924,0,0,0
424,1277.42957746479,1507.98591549296,13,453.408447265625,411.814819335938,1.10100078582764,0,0,0
425,1354.80538302277,1521.61076604555,14,445.672882080078,385.444458007812,1.15625703334808,0,0,0
426,1492.43333333333,1525.775,14.2958333333333,398.575012207031,400.194030761719,0.995954394340515,0,0,0
427,1386.83318140383,1555.24886052871,16.1330902461258,399.589782714844,384.613006591797,1.03893983364105,0,0,0
428,1214.74525316456,1568.9335443038,14.4477848101266,411.837036132812,407.092376708984,1.01165497303009,0,0,0
429,1434.27272727273,1567.80519480519,13,423.571441650391,384.212127685547,1.10244166851044,0,0,0
430,1251.79801324503,1594.41059602649,13.8841059602649,406.940399169922,383.587829589844,1.06087934970856,0,0,0
431,1471.51485148515,1639.30198019802,13.9950495049505,400.024749755859,368.849151611328,1.08452129364014,0,0,0
432,1273.14912280702,1683.66885964912,14.6337719298246,385.603057861328,373.068634033203,1.03359818458557,0,0,0
433,1132.73553719008,599.859504132231,14,387.057861328125,383.436370849609,1.00944483280182,0,0,0
434,1002.47191011236,605.483146067416,14,365.853942871094,428.791656494141,0.853220760822296,0,0,0
435,1603.26041666667,606.822916666667,14,407.635406494141,364.451599121094,1.11848986148834,0,0,0
436,1646.78787878788,628.354312354312,15.1958041958042,350.347320556641,360.965911865234,0.970582842826843,0,0,0
437,1530.32116788321,643.788321167883,14,370.197082519531,365.720916748047,1.01223933696747,0,0,0
438,1577.08641975309,673.111111111111,14,396.592590332031,398.833343505859,0.994381725788116,0,0,0
439,1883.30941704036,720.482810164425,14.9611360239163,356.464874267578,354.285095214844,1.00615262985229,0,0,0
440,1182.04597701149,736.141762452107,15.0114942528736,320.676239013672,349.359527587891,0.917897522449493,0,0,0
441,1651.16262975779,765.650519031142,14.4186851211073,397.35986328125,374.276580810547,1.06167435646057,0,0,0
442,1610.58108108108,774.537162162162,14.8547297297297,422.893585205078,409.402221679688,1.03295385837555,0,0,0
443,1714.48226950355,776.687943262411,14,392.765960693359,423.333343505859,0.927793562412262,0,0,0
444,1441.28806584362,790.703703703704,14.4814814814815,400.127563476562,406.628112792969,0.984013497829437,0,0,0
445,1608.72696245734,812.122866894198,14.9761092150171,659.266235351562,423.785430908203,1.55566048622131,1,1,0
446,1200.50643086817,822.358520900322,15.08038585209,655.1865234375,452.371948242188,1.44833588600159,1,1,1
447,1175.86090225564,838.973684210526,14.5413533834586,452.725555419922,421.669342041016,1.073650598526,0,0,0
448,1448.34586466165,876.246240601504,14.531954887218,831.605285644531,542.908630371094,1.53175914287567,1,1,0
449,1212.90740740741,945.43771043771,14.9949494949495,784.841735839844,530.98779296875,1.4780787229538,1,1,0
450,1479.14156626506,963.861445783133,14.5481927710843,564.111450195312,487.310333251953,1.15760207176208,0,0,0
451,1043.40934371524,999.864293659622,15.0467185761958,381.724151611328,438.702697753906,0.870120346546173,0,0,0
452,993.803542673108,1007.9806763285,15.1159420289855,408.993560791016,438.568969726562,0.932563841342926,0,0,0
453,1371.66037735849,1014.73113207547,14,548.783020019531,546.052612304688,1.00500023365021,0,0,0
454,1217.75682382134,1043.66253101737,15.9466501240695,400.810180664062,442.278381347656,0.906239569187164,0,0,0
455,1500.77261410788,1107.28713692946,16.1186721991701,786.969299316406,472.791168212891,1.66451776027679,1,1,0
456,1487.11202185792,1122.1029143898,15.6102003642987,431.964477539062,417.930725097656,1.03357911109924,0,0,0
457,1290.8567251462,1180.7514619883,14.5029239766082,449.116973876953,429.444946289062,1.04580807685852,0,0,0
458,1575.33957219251,1186.80080213904,15.6243315508021,502.366302490234,452.621795654297,1.10990297794342,0,0,0
459,1735.97408829175,1214.32917466411,15.5,441.590209960938,415.403747558594,1.06303858757019,0,0,0
460,1498.09855453351,1234.99868593955,15.742444152431,446.611022949219,416.801025390625,1.07152092456818,0,0,0
461,1423.5034965035,1236.36713286713,14.472027972028,473.150360107422,403.935882568359,1.17135012149811,0,0,0
462,1103.88172043011,1248.41935483871,14,450.042999267578,424.848480224609,1.05930233001709,0,0,0
463,1577.72240802676,1255.46153846154,14.5418060200669,443.361206054688,407.129302978516,1.08899354934692,0,0,0
464,1434.18207282913,1267.87114845938,14.4285714285714,400.193267822266,399.065734863281,1.00282537937164,0,0,0
465,1615.92226890756,1282.04621848739,14.9390756302521,438.789916992188,418.678192138672,1.04803621768951,0,0,0
466,1239.74783362218,1335.53812824957,15.8890814558059,441.201904296875,396.946868896484,1.11148858070374,0,0,0
467,1467.96947674419,1355.89244186047,15.7122093023256,436.066864013672,406.397155761719,1.07300662994385,0,0,0
468,1180.1530726257,1389.38659217877,16.1296089385475,465.464813232422,398.208343505859,1.16889774799347,0,0,0
469,1517.01181434599,1402.12320675105,16.1485232067511,390.259918212891,387.669158935547,1.00668287277222,0,0,0
470,1271.30731707317,1415.79024390244,14.4585365853659,430.263427734375,398.844665527344,1.07877445220947,0,0,0
471,1307.8679245283,1425.35849056604,14,448.075469970703,406.363647460938,1.10264658927917,0,0,0
472,1282.39603960396,1443.32673267327,14,449.495056152344,418.898315429688,1.07304096221924,0,0,0
473,1521.27272727273,1449.12987012987,14.3160173160173,424.285705566406,409.855163574219,1.03520894050598,0,0,0
474,1678.30864197531,1447.12345679012,14,445.308654785156,411.333343505859,1.08259797096252,0,0,0
475,1545.49693251534,1458.22699386503,14,460.331298828125,414.936157226562,1.10940265655518,0,0,0
476,1467.06078147612,1503.16642547033,14.9146164978292,411.483367919922,405.370147705078,1.01508057117462,0,0,0
477,1376.9674796748,1512.26829268293,15.4308943089431,409.326568603516,385.247100830078,1.06250393390656,0,0,1
478,1651.49285714286,1508,14.5392857142857,444.907135009766,405.940399169922,1.09599125385284,0,0,0
479,1438.99049128368,1538.88748019017,14.9286846275753,425.979400634766,392.155548095703,1.08625113964081,0,0,0
480,1177.42307692308,1560.407239819,14.5113122171946,453.714935302734,408.701232910156,1.11013841629028,0,0,1
481,1515.59645232816,1628.68957871397,15.5432372505543,389.1064453125,377.256713867188,1.03141021728516,0,0,0
482,1354.76939203354,1704.78616352201,15.0440251572327,380.480072021484,353.118896484375,1.07748436927795,0,0,0
483,1283.85583524027,533.102974828375,16.0389016018307,390.713958740234,360.253875732422,1.08455169200897,0,0,0
484,1000.83650190114,604.201520912547,15.5627376425856,367.1787109375,360,1.0199408531189,0,0,0
485,1715.41212121212,774.921212121212,15,397.084838867188,369.133331298828,1.07572197914124,0,0,0
486,1475.75218150087,813.520069808028,15.9895287958115,679.874328613281,477.336242675781,1.42430901527405,1,1,0
487,1422.21487603306,830.96694214876,15,568.264465332031,494.3125,1.1496057510376,0,0,0
488,1460.5119047619,828.464285714286,15,561.273803710938,512.25,1.09570288658142,0,0,0
489,1321.83937823834,836.927461139896,15.9481865284974,506.018127441406,475.850646972656,1.06339693069458,0,0,0
490,1507.78137651822,860.404858299595,15.4534412955466,655.627502441406,476.641021728516,1.37551629543304,1,1,0
491,1690.31137724551,886.389221556886,15.9790419161677,482.314361572266,471.896545410156,1.0220764875412,0,0,0
492,1097.3087431694,911.101775956284,17.1946721311475,639.71240234375,498.427459716797,1.28346145153046,1,1,0
493,1669.73994387278,927.299345182414,16.511693171188,751.775512695312,509.070281982422,1.47676169872284,1,1,1
494,1755.07365684575,976.564991334489,16.9809358752166,518.252136230469,464.243438720703,1.11633706092834,0,0,0
495,1778.2437357631,977.077448747153,16.0318906605923,497.731201171875,466.060180664062,1.06795477867126,0,0,0
496,1313.23857474826,989.932610379551,17.1735089078234,752.250183105469,517.485473632812,1.45366430282593,1,1,0
497,1211.98947368421,1021.27368421053,15,479.689483642578,475.833343505859,1.00810396671295,0,0,0
498,1745.06380208333,1031.7578125,16.5520833333333,513.959655761719,478.992492675781,1.0730015039444,0,0,0
499,1016.96774193548,1043.23655913978,15,410.49462890625,444.602569580078,0.923284411430359,0,0,0
500,1112.98421052632,1111.49736842105,15.4342105263158,383.313171386719,414.663879394531,0.924394905567169,0,0,0
501,1630.62576687117,1122.34969325153,15,674.766845703125,489.829254150391,1.37755525112152,1,1,0
502,1753.5597826087,1146.38043478261,15.920652173913,489.159790039062,433.613189697266,1.12810170650482,0,0,0
503,1585.11319218241,1162.58794788274,16.4405537459283,476.726379394531,424.495269775391,1.12304282188416,0,0,1
504,1737.80758807588,1162.31165311653,16.0813008130081,474.915985107422,439.090454101562,1.08159029483795,0,0,0
505,1391.40456273764,1174.32699619772,17.025855513308,442.584045410156,432.969055175781,1.02220714092255,0,0,1
506,1245.3407960199,1199.64925373134,15.9328358208955,533.287292480469,432.523498535156,1.23296725749969,1,1,1
507,1643.46753246753,1214.65171192444,16.0779220779221,512.145202636719,432.791015625,1.18335449695587,0,0,1
508,1513.86721991701,1232.60165975104,15.551867219917,420.585052490234,403.630950927734,1.04200398921967,0,0,0
509,1516.9295154185,1247.50660792952,15.4647577092511,470.634368896484,430.275268554688,1.09379827976227,0,0,0
510,1103.8045112782,1246.76691729323,15.5,444.293243408203,408.138885498047,1.08858346939087,0,0,0
511,1646.61295971979,1276.45008756567,16.7705779334501,474.113830566406,447.062072753906,1.06051003932953,0,0,0
512,1508.25531914894,1281.06028368794,15.7375886524823,422.039001464844,395.429870605469,1.06729161739349,0,0,1
513,1616.18333333333,1344.8,15,407.924987792969,389.117645263672,1.04833328723907,0,0,0
514,1187.86304909561,1361.54069767442,19.0607235142119,395.669250488281,386.392822265625,1.02400779724121,0,0,0
515,1394.23335883703,1395.16143840857,17.1499617444529,436.690124511719,405.045043945312,1.0781272649765,0,0,0
516,1307.7688172043,1424.17204301075,15.4677419354839,450.446228027344,404.364868164062,1.11395990848541,0,0,0
517,1636.40151515152,1427.99242424242,15,438.689392089844,397.885711669922,1.10255122184753,0,0,0
518,1282.14465408805,1441.36163522013,15.5408805031447,451.047180175781,398.648162841797,1.13144171237946,0,0,0
519,1553.8767550702,1446.20124804992,15.9235569422777,493.213714599609,427.945098876953,1.15251636505127,0,0,0
520,1678.47,1446.69,15.5466666666667,441.216674804688,413.6875,1.06654584407806,0,0,0
521,1566.64074074074,1456.95555555556,15,444.474060058594,392.392395019531,1.13272857666016,0,0,1
522,1444.65458015267,1453.4179389313,16.4828244274809,408.454193115234,383.459686279297,1.06518161296844,0,0,0
523,1514.70195272354,1461.01336073998,17.737923946557,396.511810302734,396.540161132812,0.999928534030914,0,0,0
524,1407.80487804878,1483.06341463415,15.4146341463415,423.370727539062,390.699035644531,1.08362364768982,0,0,0
525,1212.25951962507,1503.83889865261,18.833626244874,401.162261962891,383.388732910156,1.04635906219482,0,0,0
526,1292.34151329243,1547.9509202454,16.5828220858896,404.535797119141,395.440551757812,1.02300024032593,0,0,0
527,1353.37903225806,1616.77419354839,15,393.983856201172,373.698120117188,1.05428373813629,0,0,0
528,1423.04411764706,562.352941176471,16,439.338226318359,382.774993896484,1.14777147769928,0,0,0
529,1696.033632287,597.831838565022,16.5044843049327,306.775787353516,329.389251708984,0.93134731054306,0,0,0
530,1634.44246031746,627.005952380952,17.0198412698413,350.416656494141,356.444458007812,0.983089089393616,0,0,0
531,1717.69130434783,776.460869565217,16,402.426086425781,380.850006103516,1.05665242671967,0,0,1
532,1720.12648221344,810.537549407115,16.5296442687747,337.272735595703,401.325286865234,0.840397417545319,0,0,0
533,1272.33639143731,829.547400611621,17.0061162079511,461.327209472656,448.4765625,1.02865397930145,0,0,0
534,1529.80872483221,863.077181208054,16.9664429530201,562.765075683594,524.655456542969,1.07263743877411,0,0,0
535,1668.73412698413,871.666666666667,16.547619047619,535.630981445312,445.231872558594,1.20303821563721,1,1,0
536,1211.52487562189,878.656716417911,16.9676616915423,795.189025878906,546.349670410156,1.4554580450058,1,1,0
537,1597.54903943377,905.110212335693,18.1961577350859,833.247741699219,528.854248046875,1.57557165622711,1,1,0
538,1218.47126436782,934.609195402299,16,719.258605957031,569.826110839844,1.26224231719971,1,1,1
539,1761.75310559006,998.515527950311,16.972049689441,476.48291015625,455.305419921875,1.04651272296906,0,0,0
540,1077.95633187773,1013.68122270742,16.5414847161572,491.196502685547,455.700927734375,1.0778923034668,0,0,0
541,1697.26086956522,1058.98354876616,17.4629847238543,458.205627441406,422.765289306641,1.08382976055145,0,0,0
542,1632.44810379242,1121.99500998004,17.4520958083832,697.450073242188,454.183044433594,1.53561449050903,1,1,0
543,1540.49033391916,1126.35940246046,17.530755711775,491.707366943359,448.550079345703,1.09621512889862,0,0,0
544,1878.78756476684,1223.80440414508,17.0984455958549,511.873046875,447.655944824219,1.14345192909241,0,0,0
545,1042.28,1261.52,16,433.648010253906,413.928558349609,1.04763972759247,0,0,0
546,1620.47222222222,1344.79444444444,16,412.888885498047,416.434204101562,0.991486489772797,0,0,0
547,1211.76487252125,1364.00849858357,16.5524079320113,459.739379882812,403.445770263672,1.1395320892334,0,0,0
548,1566.97350993377,1389.58609271523,16,422.953643798828,380.945770263672,1.11027252674103,0,0,1
549,1456.55421686747,1417.66265060241,16,449.975891113281,435.333343505859,1.03363525867462,0,0,0
550,1300.17335766423,1451.73357664234,17.4981751824818,594.501831054688,436.213928222656,1.36286759376526,1,1,0
551,1565.37414965986,1453.52721088435,16.4591836734694,436.064636230469,438.229888916016,0.995059072971344,0,0,0
552,1421.62962962963,1466.15740740741,16,403.981475830078,396.285705566406,1.01941978931427,0,0,0
553,1104.02399232246,1483.47408829175,17.9510556621881,409.665069580078,386.149810791016,1.06089675426483,0,0,0
554,1318.96337308348,1494.87223168654,18.1209540034072,411.03662109375,380.483764648438,1.08029997348785,0,0,0
555,1517.43977591036,1518.07843137255,16.4873949579832,400.711486816406,371.803924560547,1.07774949073792,0,0,1
556,1405.58851674641,1525.37320574163,17,409.241638183594,395.701232910156,1.03421878814697,0,0,0
557,1231.95454545455,1556.90067340067,17.7053872053872,397.560607910156,378.070037841797,1.05155277252197,0,0,0
558,1330.00649350649,1561.87662337662,17.6796536796537,393.733764648438,397.816741943359,0.989736557006836,0,0,0
559,1477.15294117647,1576.28235294118,16,448.635284423828,412.756103515625,1.08692586421967,0,0,0
560,1121.31185031185,1577.97297297297,17.029106029106,401.771301269531,373.503723144531,1.07568216323853,0,0,0
561,1588.32269503546,1596.76241134752,16.5035460992908,415.496459960938,385.899993896484,1.07669460773468,0,0,0
562,1353.44298245614,1613.50657894737,16.9824561403509,403.381591796875,372.419464111328,1.08313775062561,0,0,0
563,1289.15789473684,1674.97368421053,16,419.026306152344,364.649993896484,1.14911913871765,0,0,0
564,1598.48717948718,565.401709401709,17,375.829071044922,361.488372802734,1.03967130184174,0,0,0
565,1614.75490196078,569.339869281046,17.8758169934641,349.202606201172,368.318756103516,0.94809889793396,0,0,0
566,1682.82527301092,600.265210608424,18.4664586583463,358.555389404297,350.744476318359,1.02226948738098,0,0,0
567,1100.48492462312,623.412060301507,17.5025125628141,358.334167480469,381.200012207031,0.940016150474548,0,0,0
568,1845.7671875,647.015625,18.03125,340.260925292969,350.441711425781,0.970948696136475,0,0,0
569,1596.0862230553,647.436738519213,18.0834114339269,343.641052246094,358.116027832031,0.959580183029175,0,0,1
570,1694.6049382716,660.405349794239,18.082304526749,337.874481201172,338.761901855469,0.997380375862122,0,0,0
571,1298.41758241758,664.263736263736,17,417.813201904297,430.384613037109,0.970790266990662,0,0,0
572,1508.43421052632,723.756578947368,17.4605263157895,385.447357177734,365.820648193359,1.05365121364594,0,0,0
573,1323.3,780.341666666667,17,445.024993896484,406.407409667969,1.09502184391022,0,0,0
574,1340.40637450199,842.91235059761,17.4741035856574,448.482086181641,417.388885498047,1.07449460029602,0,0,0
575,1271.73534971645,906.529300567108,18.0189035916824,1101.92443847656,584.849975585938,1.88411474227905,1,1,0
576,1214.80350877193,943.691228070175,17,886.666687011719,574.782897949219,1.54261147975922,0,1,1
577,1685.70986238532,937.284403669725,19.6926605504587,849.316528320312,541.60107421875,1.56815886497498,1,1,0
578,1042.45333333333,996.728888888889,17,380.506652832031,417.533325195312,0.911320447921753,0,0,0
579,994.016608391608,1015.15909090909,18.9379370629371,624.692321777344,450.130798339844,1.38780176639557,1,1,1
580,1370.18315508021,1061.47593582888,18.3836898395722,462.732635498047,451.718414306641,1.02438294887543,0,0,1
581,1215.57699443414,1072.99072356215,18.0946196660482,788.024108886719,509.036773681641,1.54806911945343,1,1,0
582,1707.63157894737,1082.24210526316,17.6350877192982,466.294738769531,407.014495849609,1.14564657211304,0,0,1
583,1134.41520467836,1083.19883040936,17,568.654968261719,472.73583984375,1.20290219783783,1,1,0
584,1237.69739478958,1090.11523046092,19.4769539078156,1127.51098632812,529.603759765625,2.12897086143494,1,1,0
585,1648.31592465753,1134.98116438356,19.5993150684932,425.380126953125,429.008850097656,0.991541624069214,0,0,1
586,1150.9314516129,1141.78629032258,17.4637096774194,425.459686279297,414.486724853516,1.02647364139557,0,0,0
587,1644.15209125475,1164.77186311787,17,607.794677734375,505.598541259766,1.2021290063858,0,1,0
588,1274.1871657754,1180.71657754011,17.9171122994652,449.310150146484,415.796508789062,1.08060109615326,0,0,0
589,1286.64019138756,1196.70717703349,18.6411483253589,427.240203857422,423.752624511719,1.00823020935059,0,0,0
590,1687.64646464646,1208.06818181818,17.4722222222222,446.464660644531,417.96240234375,1.06819331645966,0,0,0
591,1175.8330464716,1213.95094664372,19.0361445783133,427.291748046875,432.192352294922,0.988661050796509,0,0,0
592,2002.01221995927,1232.30855397149,18.6670061099796,403.947052001953,403.541564941406,1.00100481510162,0,0,0
593,1514.66666666667,1231.83838383838,17,401.737365722656,402.200012207031,0.99884968996048,0,0,0
594,1291.43619246862,1258.26569037657,19.6401673640167,485.267791748047,524.14794921875,0.925822198390961,0,0,0
595,1167.65986394558,1300.06802721088,17,465.340148925781,422.980773925781,1.10014486312866,0,0,0
596,1785.8103626943,1358.85699481865,18.5751295336788,435.313995361328,391.559753417969,1.11174345016479,0,0,0
597,1246.55724137931,1366.84689655172,17.5103448275862,432.933807373047,414.464752197266,1.04456126689911,0,0,0
598,1424.05903723887,1382.33605812897,19.2152588555858,420.461395263672,389.520904541016,1.07943212985992,0,0,0
599,1566.80577427822,1390.80839895013,17.4540682414698,401.674530029297,383.178802490234,1.0482691526413,0,0,0
600,1455.64583333333,1418.03472222222,17,426.611114501953,394.027770996094,1.0826929807663,0,0,0
601,1353.1008583691,1418.07939914163,18.2768240343348,443.309020996094,401.122863769531,1.10517013072968,0,0,0
602,1242.42792109256,1421.79362670713,18.453717754173,432.107727050781,401.536712646484,1.07613503932953,0,0,0
603,1524.69718309859,1428.55633802817,17,453.577453613281,389.209686279297,1.16538071632385,0,0,0
604,1252.91666666667,1447.46296296296,17,404.916656494141,381.363647460938,1.06175994873047,0,0,0
605,1676.06642066421,1449.17158671587,18.070110701107,444.610687255859,400.350006103516,1.11055493354797,0,0,0
606,1174.59219858156,1454.41843971631,17,422.719848632812,388.868408203125,1.08705115318298,0,0,1
607,1423.07457627119,1466.0406779661,17.5050847457627,397.630523681641,385.737854003906,1.03083097934723,0,0,0
608,1202.99595959596,1490.50303030303,18.3737373737374,471.094940185547,429.362396240234,1.09719657897949,0,0,0
609,1377.15021459227,1496.85836909871,18.0364806866953,395.203857421875,379.682434082031,1.04087996482849,0,0,0
610,1466.66666666667,1503.91111111111,17,418.355560302734,429.160003662109,0.974824190139771,0,0,0
611,1252.53691275168,1525.38926174497,17,404.986572265625,382.176483154297,1.05968475341797,0,0,0
612,1608.55759162304,1541.34947643979,18.5850785340314,401.424072265625,389.150146484375,1.03154039382935,0,0,0
613,1264.40392156863,1562.5137254902,17.5137254901961,393.894104003906,383.889923095703,1.02605998516083,0,0,0
614,1476.18614718615,1573.91774891775,17.4632034632035,427.761901855469,387.131317138672,1.10495293140411,0,0,0
615,1499.43949044586,1593.09341825902,17.9893842887473,399.552001953125,381.203582763672,1.04813289642334,0,0,0
616,1289.33333333333,1674.6204379562,18.0681265206813,395.260345458984,373.825805664062,1.05733835697174,0,0,0
617,1387.44295302013,1710.22483221477,18.3976510067114,390.40771484375,361.5439453125,1.07983469963074,0,0,0
618,1633.88617886179,643.190243902439,19.0276422764228,357.388610839844,360.481628417969,0.991419792175293,0,0,0
619,1105.89215686275,702.162990196078,19.5808823529412,338.557586669922,352.279632568359,0.961047887802124,0,0,0
620,1139.92763157895,805.348684210526,18,438.203948974609,433.289855957031,1.01134133338928,0,0,0
621,1601.67206477733,828.949392712551,19.0202429149798,410.846160888672,417.894561767578,0.983133554458618,0,0,0
622,1578.06451612903,827.758064516129,18,588.838684082031,507.157897949219,1.16105592250824,0,0,0
623,1345.56640625,858.69921875,18.47265625,456.48046875,437.242706298828,1.04399788379669,0,0,0
624,1703.93468468468,885.155405405405,18.5563063063063,549.434692382812,450.530548095703,1.21952819824219,1,1,0
625,1407.42620232172,890.52736318408,19.6616915422886,876.721374511719,558.019287109375,1.57113099098206,1,1,0
626,1656.28370786517,930.668539325843,19.0926966292135,686.396057128906,489.216491699219,1.40305173397064,1,1,0
627,1211.99705304519,947.652259332024,19.9253438113949,855.58154296875,556.725524902344,1.53681039810181,1,1,1
628,1285.34782608696,991.239130434783,18,511.956512451172,497.176483154297,1.02972793579102,0,0,0
629,1848.66423357664,1010.52554744526,18,460.510955810547,455.970581054688,1.00995755195618,0,0,0
630,1078.22222222222,1014.6,18,505.088897705078,457.944458007812,1.10294795036316,0,0,0
631,1015.95652173913,1053.60869565217,18,422.079711914062,445.706909179688,0.946989357471466,0,0,0
632,1133.41500765697,1082.31087289433,18.9203675344564,494.222045898438,435.604766845703,1.13456523418427,0,0,0
633,1250.68953068592,1109.26895306859,19.9061371841155,455.123657226562,470.310516357422,0.967708885669708,0,0,0
634,1094.92851405622,1116.96546184739,20.255421686747,438.580718994141,426.762329101562,1.02769315242767,0,0,0
635,1637.03285024155,1160.7652173913,19.9536231884058,699.078247070312,481.062835693359,1.45319533348083,1,1,0
636,1645.52071005917,1211.53846153846,18,500.644958496094,423.892852783203,1.18106484413147,0,1,0
637,1496.15863453815,1215.72289156627,19.0321285140562,413.670684814453,396.826538085938,1.04244709014893,0,0,0
638,1661.85863874346,1226.7277486911,18,438.837707519531,412.068481445312,1.0649631023407,0,0,0
639,1654.36111111111,1238.06944444444,18,445.256958007812,401.510650634766,1.10895431041718,0,0,0
640,1684.765,1233.61166666667,19.6783333333333,499.515014648438,424.342102050781,1.17715167999268,0,0,0
641,1401.26865671642,1277.39552238806,18.3283582089552,415.111938476562,405.625,1.02338850498199,0,0,0
642,1170.93225806452,1297.7,18.4,426.719360351562,400.695648193359,1.06494629383087,0,0,0
643,1205.18518518519,1303.6049382716,18,392.432098388672,402.923065185547,0.973962843418121,0,0,0
644,1181.10563380282,1417.90845070423,18,423.591552734375,380.731719970703,1.11257231235504,0,0,0
645,1534.26462395543,1421.8495821727,19.033426183844,417,407.830932617188,1.02248251438141,0,0,0
646,1178.95291479821,1450.10426008969,19.6345291479821,442.614349365234,402.904388427734,1.09855926036835,0,0,0
647,1335.53846153846,1496.85676392573,19.3302387267905,392.141906738281,373.625244140625,1.04955947399139,0,0,0
648,1515.91160809372,1516.89776357827,20.4419595314164,402.385528564453,378.225463867188,1.06387746334076,0,0,0
649,1461.35145784082,1530.85815602837,21.8881008668243,407.207244873047,371.313110351562,1.09666812419891,0,0,0
650,1253.63448275862,1530.67586206897,18.5241379310345,377.820678710938,376.34375,1.00392436981201,0,0,0
651,1410.95691202873,1554.05385996409,19.6014362657092,399.353668212891,400.436004638672,0.99729710817337,0,0,0
652,1050.91402116402,1563.86243386243,19.7579365079365,413.087310791016,380.565155029297,1.08545756340027,0,0,0
653,1451.25033647375,1564.8532974428,20.6877523553163,399.695831298828,374.825622558594,1.06635141372681,0,0,0
654,1338.75819672131,1590.5512295082,19.9364754098361,402.143432617188,368.364868164062,1.09169864654541,0,0,0
655,1380.21463414634,1673.68292682927,18,394.058532714844,370.797973632812,1.06273102760315,0,0,1
656,1506.24479166667,1679.92447916667,18.9739583333333,415.265625,362.116058349609,1.14677500724792,0,0,0
657,1389.23333333333,1697.29487179487,20.6384615384615,389.339752197266,359.646575927734,1.08256208896637,0,0,0
658,1640.48944337812,580.998080614203,19.7754318618042,326.381958007812,352.081970214844,0.927005589008331,0,0,0
659,1244.05764411028,653.080200501253,19.516290726817,353.802001953125,362.891296386719,0.97495311498642,0,0,0
660,1539.04245810056,679.343016759777,20.4525139664804,358.343017578125,366.596984863281,0.977484881877899,0,0,1
661,1282.73033707865,696.52808988764,19.4606741573034,356.858428955078,373.518035888672,0.955398142337799,0,0,0
662,1508.02784810127,726.488607594937,20.0354430379747,382.830383300781,368.850158691406,1.0379022359848,0,0,0
663,1663.61158432709,738.873935264054,19.9131175468484,342.962524414062,364.451049804688,0.94103866815567,0,0,0
664,1577.6512605042,827.659663865546,19.4747899159664,457.184875488281,419.051025390625,1.09100043773651,0,0,0
665,1405.98529411765,829.044117647059,19,535.286743164062,456.391296386719,1.17286801338196,0,0,0
666,1273.35135135135,830.389189189189,20.3621621621622,509.427032470703,443.196319580078,1.14943873882294,0,0,0
667,1433.17840375587,836.176056338028,21.4600938967136,535.282836914062,430.698791503906,1.2428240776062,1,1,0
668,1603.95953757225,875.416184971098,19.6589595375723,492.375732421875,479.589935302734,1.02665984630585,0,0,0
669,1201.43729903537,913.247588424437,19.4790996784566,431.366546630859,457.531036376953,0.942813754081726,0,0,0
670,1664.97345132743,927.053097345133,19,766.230102539062,503.545440673828,1.52167022228241,1,1,0
671,1285.00943396226,991.38679245283,19,492.424530029297,486.608703613281,1.01195180416107,0,0,0
672,1848.62822719449,1008.7074010327,19.9586919104991,442.731506347656,442.312713623047,1.0009468793869,0,0,0
673,1691.8096135721,1010.60508953817,21.0320452403393,687.77099609375,528.560119628906,1.30121624469757,1,1,0
674,1708.69423929099,1013.69867060561,19.9586410635155,452.121124267578,451.673583984375,1.00099086761475,0,0,0
675,1741.11202185792,1027.81967213115,19,569.316955566406,457.058441162109,1.24561083316803,0,1,1
676,1768.4882179676,1028.45066273932,22.2025036818851,505.579528808594,457.875427246094,1.10418581962585,0,0,0
677,1015.68372093023,1053.91162790698,19,428.241851806641,454.945068359375,0.941304504871368,0,0,0
678,1897.58445945946,1067.25337837838,20.0675675675676,523.795593261719,451.781158447266,1.15940117835999,0,0,0
679,1705.07918367347,1220.44571428571,20.64,412.930603027344,415.693389892578,0.99335378408432,0,0,0
680,1660.43346007605,1230.34790874525,19.425855513308,435.169189453125,410.714294433594,1.05954229831696,0,0,1
681,1879.51034482759,1224.74482758621,19,507.820678710938,440.196441650391,1.15362286567688,0,0,0
682,1112.59485530547,1249.59967845659,20.040192926045,480.098083496094,400.575134277344,1.19852197170258,0,0,0
683,1388.65526315789,1270.43421052632,20.1210526315789,452.734222412109,423.339813232422,1.06943452358246,0,0,0
684,1467.5671641791,1285.40298507463,19.5074626865672,423.436553955078,398.018188476562,1.06386232376099,0,0,1
685,1515.99275362319,1286.66304347826,20.0942028985507,421.397338867188,390.930541992188,1.07793402671814,0,0,0
686,1280.75581395349,1302.77777777778,20.3565891472868,427.993530273438,410.009887695312,1.04386150836945,0,0,0
687,1731.42537313433,1337.31343283582,19.5410447761194,421.813446044922,388.466094970703,1.08584368228912,0,0,0
688,1214.92459016393,1349.5737704918,19.4819672131148,450.580322265625,402.882873535156,1.11839032173157,0,0,0
689,1629.21156069364,1385.32196531792,21.7242774566474,434.765319824219,387.397277832031,1.12227249145508,0,0,0
690,1464.59230769231,1397.06153846154,19,413.823089599609,373.541656494141,1.10783648490906,0,0,0
691,1179.66341463415,1418.31707317073,19,412.278045654297,404.205139160156,1.01997232437134,0,0,0
692,1338.8127090301,1441.4381270903,19.5752508361204,415.147155761719,401.643615722656,1.0336207151413,0,0,0
693,1250.83191489362,1467.33404255319,19.9893617021277,511.676605224609,415.391998291016,1.23179221153259,1,1,0
694,1713.28698752228,1479.06773618538,20.49376114082,425.338684082031,385.734954833984,1.10267078876495,0,0,0
695,1469.83708609272,1483.36158940397,20.8781456953642,403.845031738281,373.213134765625,1.08207619190216,0,0,0
696,1394.66265060241,1487.68072289157,19.5722891566265,417.271087646484,394.714294433594,1.0571471452713,0,0,0
697,1406.67222222222,1521.50555555556,19.9277777777778,400.861114501953,373.527770996094,1.07317614555359,0,0,0
698,1620.31891891892,1532.49297297297,20.5610810810811,395.079986572266,371.173004150391,1.06440925598145,0,0,0
699,1209.34782608696,1535.53623188406,19,409.420288085938,401.166656494141,1.02057409286499,0,0,0
700,1264.94,1561.54,19,388.910003662109,380.454559326172,1.02222454547882,0,0,0
701,1256.24523809524,1582.34523809524,20.0452380952381,410.176177978516,380.923950195312,1.07679283618927,0,0,0
702,1352.38174273859,1656.94190871369,19.5186721991701,391.796691894531,367.080535888672,1.06733167171478,0,0,0
703,1383.31683168317,1674.75247524752,19,385.049499511719,369,1.04349458217621,0,0,0
704,1648.04519774011,621.45197740113,20.5056497175141,313.864410400391,335.547454833984,0.935380101203918,0,0,0
705,1673.98155737705,637.655737704918,22.2049180327869,336.277648925781,353.463714599609,0.951378107070923,0,0,0
706,1602.77272727273,652.727272727273,20,355.636352539062,349.142852783203,1.01859843730927,0,0,0
707,1725.04375,779.484375,20.528125,415.334381103516,385.277038574219,1.07801485061646,0,0,0
708,1569.6935483871,808.903225806452,20,442.814514160156,421.454559326172,1.05068147182465,0,0,0
709,1216.6568627451,839.936274509804,20.6617647058824,517.676452636719,436.044128417969,1.18721115589142,0,0,0
710,1014.88695652174,1050.91304347826,20.5008695652174,454.749572753906,458.15478515625,0.992567539215088,0,0,0
711,1215.75543478261,1071.5,20,747.222839355469,477.877563476562,1.56362819671631,1,1,0
712,1179.34501347709,1142.64420485175,20.5768194070081,457.776275634766,422.358612060547,1.08385682106018,0,0,0
713,1029.39766081871,1152.27192982456,20.5029239766082,381.219299316406,428.238525390625,0.890203177928925,0,0,0
714,1519.67666666667,1176.87333333333,20.4266666666667,508.410003662109,439.127777099609,1.15777230262756,0,0,0
715,1112.48184818482,1201.15841584158,20,440.207916259766,418.007202148438,1.0531108379364,0,0,1
716,1491.87704918033,1249.00819672131,20,403.442626953125,414.102569580078,0.974257707595825,0,0,0
717,1440.09205020921,1263.89958158996,20.5271966527197,422.623443603516,395.22314453125,1.06932866573334,0,0,0
718,1655.06633663366,1287.0801980198,21.9425742574257,579.652465820312,442.279083251953,1.31060338020325,1,1,0
719,1487.42522974102,1306.90309106099,21.5522138680033,382.847961425781,388.115203857422,0.986428678035736,0,0,0
720,1153.76795580111,1324.57348066298,22.2011049723757,424.819885253906,385.407562255859,1.10226142406464,0,0,0
721,1403.46804511278,1351.47556390977,21.4360902255639,417.684204101562,388.3701171875,1.07547974586487,0,0,0
722,1534.61081081081,1375.85513513514,21.6832432432432,418.515686035156,375.712799072266,1.11392450332642,0,0,0
723,1465.4037037037,1394.78888888889,21.5296296296296,415.807403564453,384.738311767578,1.08075380325317,0,0,1
724,1016.89823874755,1413.51989562948,23.6203522504892,429.356811523438,386.016479492188,1.11227583885193,0,0,0
725,1181.12880143113,1418.69946332737,20.5062611806798,407.289794921875,384.204925537109,1.0600848197937,0,0,0
726,1677.19379844961,1447.26356589147,20,448.844970703125,404.828582763672,1.10872840881348,0,0,0
727,1093.00857449089,1453.26045016077,23.2181136120043,410.052520751953,388.782440185547,1.05470943450928,0,0,0
728,1210.78622816033,1461.36330935252,23.5128468653648,407.414184570312,396.422637939453,1.02772688865662,0,0,0
729,1717.83673469388,1462.40589569161,20.5011337868481,492.625854492188,434.163269042969,1.13465571403503,0,0,0
730,1494.90666666667,1532.38,20,410,400.662170410156,1.02330601215363,0,0,0
731,1209.95189873418,1534.47594936709,20.9443037974684,401.597473144531,399.418762207031,1.00545465946198,0,0,0
732,1332.234082397,1556.7808988764,21.0224719101124,400.619842529297,382.861602783203,1.04638290405273,0,0,0
733,1477.71040723982,1589.72398190045,20.4932126696833,398.076934814453,368.660858154297,1.07979166507721,0,0,0
734,1289.75925925926,1672.94444444444,20,387.083343505859,368.086944580078,1.05160844326019,0,0,0
735,1289.69458128079,1690.18226600985,20.9408866995074,390.108367919922,360.575256347656,1.08190548419952,0,0,0
736,1404.17448405253,1711.91557223265,20.9512195121951,379.570343017578,358.284576416016,1.05941021442413,0,0,1
737,1213.76973684211,561.725877192982,21.5394736842105,358.655700683594,352.191497802734,1.01835417747498,0,0,0
738,1192.73223140496,575.262809917355,21.4909090909091,365.471069335938,350.965515136719,1.0413304567337,0,0,0
739,1216.14239482201,601.498381877023,21.4660194174757,385.715209960938,373.120300292969,1.03375566005707,0,0,0
740,1705.14321926489,605.262357414449,22.3536121673004,331.328277587891,333.353393554688,0.993925034999847,0,0,0
741,1790.35185185185,685.703703703704,21,353.555541992188,399.481475830078,0.885036110877991,0,0,0
742,1669.22451994092,710.77400295421,21.9409158050222,329.00146484375,355.487121582031,0.925494730472565,0,0,0
743,1189.35635359116,755.154696132597,22.1422651933702,347.885345458984,380.167938232422,0.915083348751068,0,0,0
744,1656.65977443609,846.342105263158,22.781954887218,536.328918457031,443.050231933594,1.21053755283356,1,1,0
745,1254.42930153322,982.548551959114,22.0136286201022,1066.01025390625,576.481628417969,1.84916603565216,1,1,0
746,1740.45284002084,1016.97133923919,23.8957790515894,722.006225585938,488.604736328125,1.47768974304199,1,1,0
747,1217.7195892575,1109.15560821485,22.9644549763033,739.3056640625,488.887969970703,1.51221895217896,1,1,0
748,1154.25794155019,1169.56289707751,22.3811944091487,456.221099853516,431.043518066406,1.05841076374054,0,0,0
749,1146.36292834891,1185.64330218069,22.1370716510903,481.669769287109,409.349884033203,1.17667007446289,0,0,0
750,1118.7421875,1197.828125,21,431.3203125,397.030303955078,1.08636617660522,0,0,0
751,1635.61578400831,1275.99065420561,22.5732087227414,443.123565673828,423.59716796875,1.04609656333923,0,0,0
752,1532.59413754228,1310.99436302142,22.054114994363,387.400238037109,374.627655029297,1.0340940952301,0,0,0
753,1600.97611464968,1355.03423566879,23.1656050955414,423.305725097656,381.019226074219,1.11098253726959,0,0,0
754,1175.44875776398,1360.23913043478,22.2189440993789,418.417694091797,387.970275878906,1.0784786939621,0,0,0
755,1663.2972972973,1372.58108108108,21.5315315315315,414.292785644531,423.063842773438,0.979267776012421,0,0,0
756,1347.04473684211,1390.20263157895,21.9710526315789,411.763153076172,385.453643798828,1.06825602054596,0,0,0
757,1533.62178217822,1428.13465346535,21.5207920792079,405.17822265625,398.344268798828,1.01715588569641,0,0,0
758,1228.19535783366,1455.69632495164,21.5764023210832,433.709869384766,381.985595703125,1.13540899753571,0,0,0
759,1429.47777777778,1452.48888888889,21,435.133331298828,406.555541992188,1.07029247283936,0,0,0
760,1377.15151515152,1479.57070707071,22.0530303030303,423.095947265625,386.832427978516,1.09374475479126,0,0,0
761,1493.98604651163,1532.06976744186,21,400.846496582031,370.091949462891,1.08309972286224,0,0,1
762,1500.578125,1551.7109375,21,407.3671875,372.956512451172,1.09226453304291,0,0,0
763,1378.11227154047,1577.98694516971,21.5065274151436,384.383819580078,371.956512451172,1.03341066837311,0,0,0
764,1502.36363636364,1605.56891495601,21.8768328445748,398.48681640625,376.201873779297,1.05923664569855,0,0,0
765,1393.75661375661,1611.83245149912,22.021164021164,424.800720214844,383.660980224609,1.10722935199738,0,0,0
766,1331.88978494624,1620.43413978495,22.2325268817204,423.690856933594,366.448974609375,1.15620696544647,0,0,0
767,1255.408,604.784,22,372.152008056641,377.318176269531,0.986308217048645,0,0,0
768,1640.91666666667,618.5,22,339.109375,331.113220214844,1.02414929866791,0,0,0
769,1790.54016620499,685.349030470914,22.5290858725762,377.872589111328,350.961547851562,1.07667803764343,0,0,0
770,1733.75,723.026960784314,22.4803921568627,375.681365966797,363.746826171875,1.03280997276306,0,0,0
771,1272.48039215686,832.709150326797,23.0555555555556,488.052276611328,464.110534667969,1.05158627033234,0,0,0
772,1218,840.198795180723,22.5030120481928,505.120483398438,430.803375244141,1.17250823974609,0,0,0
773,1866.87903225806,866.594086021505,22.5698924731183,573.715026855469,449.136901855469,1.2773722410202,1,1,0
774,1621.58998144712,881.502782931354,23.2541743970315,763.013000488281,514.090698242188,1.48419916629791,1,1,0
775,1200.68280871671,899.707021791768,22.9975786924939,619.162231445312,521.73193359375,1.18674397468567,1,1,0
776,1244.24361948956,904.294663573086,22.9025522041763,776.394409179688,549.472412109375,1.41298162937164,1,1,0
777,1700.84581497797,950.640969162996,22.557268722467,964.253295898438,529.969055175781,1.81945204734802,1,1,0
778,1016.18954248366,1053.16993464052,22,441.901947021484,419.777770996094,1.05270445346832,0,0,0
779,1897.16666666667,1068.46212121212,22,516.143920898438,459.477264404297,1.12332856655121,0,0,0
780,1141.42608695652,1091.37391304348,22,401.930419921875,426.172424316406,0.943116903305054,0,0,0
781,1643.59879032258,1137.75403225806,22.4879032258065,496.745971679688,430.237670898438,1.15458500385284,0,0,0
782,1180.55334987593,1138.81141439206,23.0049627791563,432.591796875,433.378143310547,0.998185515403748,0,0,0
783,1204.22068965517,1196.13103448276,22,620.965515136719,557.015869140625,1.11480760574341,0,0,0
784,1634.95348837209,1201.04651162791,22,855.364318847656,547.611083984375,1.5619922876358,1,1,0
785,1200.70866141732,1221.08398950131,22.9658792650919,462.049865722656,440.380950927734,1.04920494556427,0,0,0
786,1766.36079545455,1251.42613636364,22.5,431.352264404297,407.6875,1.05804634094238,0,0,0
787,1521.45925925926,1285.08888888889,22.7518518518519,442.870361328125,389.284210205078,1.13765299320221,0,0,0
788,1115.77257525084,1320.51505016722,22.6020066889632,420.307678222656,378.875854492188,1.10935461521149,0,0,0
789,1212.71511627907,1367.77325581395,22.4505813953488,407.485473632812,391.714294433594,1.04026198387146,0,0,0
790,1136.52459016393,1409.91256830601,22,404.896179199219,382.013885498047,1.05989909172058,0,0,0
791,1171.34561626429,1432.64421855146,23.6886912325286,443.058441162109,407.982513427734,1.08597409725189,0,0,0
792,1433.48770491803,1447.40163934426,22,427.954925537109,375.292541503906,1.14032351970673,0,0,1
793,1335.92,1495.96,22,378.579986572266,368.652160644531,1.02693009376526,0,0,0
794,1336.87335359676,1508.69503546099,23.7142857142857,379.804443359375,374.742645263672,1.01350736618042,0,0,0
795,1501.48230912477,1550.39851024209,22.9459962756052,388.506530761719,385.617401123047,1.00749218463898,0,0,0
796,1257.24528301887,1579.11320754717,22.4150943396226,419.905670166016,381.94287109375,1.09939396381378,0,0,0
797,1349.9053030303,1604.31060606061,23.6590909090909,377.501892089844,355.910308837891,1.06066584587097,0,0,0
798,1203.83146067416,779.589887640449,23,417.247192382812,379.976745605469,1.09808611869812,0,0,0
799,1627.11304347826,860.382608695652,23,1336.52172851562,732.61767578125,1.82430994510651,1,1,0
800,2011.85326086957,961.021739130435,23.5190217391304,845.016296386719,468.534881591797,1.80352914333344,1,1,0
801,1094.7602739726,1093.43835616438,23,416.671234130859,454.836730957031,0.916089653968811,0,0,0
802,1695.30042918455,1101.29184549356,23.343347639485,438.948486328125,425.739898681641,1.03102505207062,0,0,0
803,1676.10202117421,1121.23965351299,24.6159769008662,415.447540283203,413.68408203125,1.00426280498505,0,0,0
804,1750.11074918567,1121.16123778502,24.0765472312704,470.765472412109,442.546997070312,1.06376373767853,0,0,0
805,1769.46702702703,1130.98918918919,24.6724324324324,487.762176513672,460.7802734375,1.05855703353882,0,0,0
806,1202.19845644983,1195.71223814774,23.9437706725469,604.068359375,466.378326416016,1.29523253440857,1,1,0
807,1635.51642575558,1202.57950065703,24.3968462549277,1053.3916015625,500.526184082031,2.10456848144531,1,1,0
808,1708.83695652174,1286.08695652174,23,448.652160644531,456.111114501953,0.983646631240845,0,0,0
809,1136.96590909091,1410.58712121212,23,393.848480224609,383.559051513672,1.02682614326477,0,0,0
810,1534.76865671642,1432.99253731343,24.0533049040512,418.993591308594,393.353668212891,1.06518292427063,0,0,0
811,1649.1226993865,1435.63599182004,23.5378323108384,424.316986083984,405.201965332031,1.04717409610748,0,0,1
812,1226.67027027027,1453.34054054054,23,439.091888427734,386.979583740234,1.13466417789459,0,0,0
813,1431.73195876289,1450.83505154639,23,453.701019287109,366.115386962891,1.23922955989838,0,0,0
814,1347.47976878613,1548.24277456647,23,618.554931640625,435.960784912109,1.41883158683777,1,1,0
815,1304.45843828715,1562.07808564232,24.5037783375315,409.278350830078,373.538696289062,1.09567856788635,0,0,0
816,1230.19789842382,1561.2469352014,24.4098073555166,407.910675048828,374.676849365234,1.08869993686676,0,0,0
817,1358.12380952381,1661.7619047619,23,365.723815917969,379.102569580078,0.964709401130676,0,0,0
818,1452.77408637874,1705.20265780731,24.1262458471761,384.362121582031,351.996246337891,1.09194946289062,0,0,0
819,1901.58823529412,738.198529411765,24.5661764705882,340.784301757812,346.975494384766,0.982156693935394,0,0,0
820,1628.18207282913,858.971988795518,24.5098039215686,913,553.251770019531,1.65024328231812,1,1,0
821,1863.97757847534,947.775784753363,24.5470852017937,590.39013671875,464.050231933594,1.27225482463837,0,1,1
822,1153.11604095563,964.003412969283,24.5699658703072,792.201354980469,623.183654785156,1.27121651172638,1,1,0
823,1764.44483985765,1073.63523131673,25.0391459074733,414.759796142578,439.963714599609,0.942713618278503,0,0,0
824,1828.78419452888,1079.85258358663,24.9604863221885,769.395141601562,517.362182617188,1.48714995384216,1,1,0
825,1092.40850642928,1091.95450049456,25.4005934718101,408.753723144531,421.022705078125,0.970859110355377,0,0,0
826,1146.35748792271,1183.29951690821,24,542.632873535156,404.107696533203,1.34279274940491,1,1,0
827,1224.54267515924,1240.69681528662,25.4942675159236,887.780883789062,502.302947998047,1.76742124557495,1,1,0
828,1710.43778801843,1284.4930875576,24,450,409.927276611328,1.09775567054749,0,0,0
829,1537.98668885191,1303.03244592346,25.7046589018303,401.140594482422,383.702484130859,1.04544699192047,0,0,0
830,1576.76664630422,1305.83200977398,25.9028711056811,502.262054443359,408.977081298828,1.22809338569641,1,1,0
831,1117.49557522124,1318.62831858407,24,378.477874755859,371,1.02015602588654,0,0,0
832,1601.49112426036,1339.4201183432,24.4970414201183,403.289947509766,372.051940917969,1.08396136760712,0,0,0
833,1534.52380952381,1374.40476190476,24,395.790466308594,366.071441650391,1.08118367195129,0,0,0
834,1094.56435643564,1426.92277227723,25.5465346534653,395.3564453125,405.882873535156,0.974065363407135,0,0,0
835,1053.32790988736,1488.99874843554,25.3892365456821,408.847320556641,385.459106445312,1.06067621707916,0,0,0
836,1309.74180327869,1493.65573770492,24,385.946716308594,378.990570068359,1.01835441589355,0,0,0
837,1133.40766550523,1477.8362369338,26.801393728223,411.138488769531,393.029479980469,1.04607546329498,0,0,0
838,1711.8152173913,1504.03804347826,24.5978260869565,399.494567871094,373.146057128906,1.07061183452606,0,0,0
839,1192.75158227848,1518.04430379747,25.503164556962,401.181976318359,384.346832275391,1.04380190372467,0,0,0
840,1348.42147435897,1545.96314102564,24.8894230769231,548.825317382812,389.556823730469,1.40884530544281,1,1,0
841,1513.28992628993,1610.7027027027,24.990171990172,439.982788085938,379.530853271484,1.15928065776825,0,0,0
842,1258.9294755877,1667.91139240506,25.622061482821,368.188079833984,355.740997314453,1.03498911857605,0,0,0
843,1592.93162393162,572.230769230769,25,344.98291015625,324.185180664062,1.06415390968323,0,0,0
844,1212.32762836186,673.459657701712,25.559902200489,349.0048828125,372.929901123047,0.935845792293549,0,0,0
845,1774.62204724409,688.834645669291,25,337.425201416016,343.266662597656,0.982982754707336,0,0,0
846,1181.11787564767,728.146373056995,26.5155440414508,400.329010009766,387.328765869141,1.03356385231018,0,0,0
847,1146.72471910112,1180.46629213483,25,532.550537109375,420.430236816406,1.26667988300323,1,1,0
848,1614.152,1218.264,25,423.264007568359,454.450012207031,0.931376397609711,0,0,0
849,1568.20204841713,1271.09590316574,26.5912476722533,473.076354980469,393.084442138672,1.203498005867,1,1,0
850,1709.15045248869,1280.57918552036,25.908371040724,454.856323242188,426.623931884766,1.06617629528046,0,0,1
851,1059.01054018445,1379.15546772069,26.7061923583663,409.407104492188,385.545806884766,1.0618896484375,0,0,0
852,1652.49392097264,1441.1094224924,26.7993920972644,476.954406738281,414.75,1.14998054504395,0,0,1
853,1710.67636986301,1502.57020547945,26.3253424657534,400.700347900391,382.778259277344,1.04682111740112,0,0,1
854,1170.05202312139,1540.34450867052,26.5595375722543,401.679779052734,372.163055419922,1.07931125164032,0,0,0
855,1491.71578947368,1570.23157894737,25.4526315789474,379.492095947266,370.275634765625,1.02489078044891,0,0,0
856,1268.32352941176,1568.26378676471,27.7123161764706,453.251831054688,382.150268554688,1.18605661392212,0,0,0
857,1212.5752688172,1614.72580645161,26.4408602150538,370.998199462891,350.111114501953,1.05965840816498,0,0,0
858,1841.9674796748,606.934959349593,26,340.723571777344,357.5,0.953072905540466,0,0,0
859,1084.85870646766,646.390049751244,27.2985074626866,380.623870849609,382.251800537109,0.995741188526154,0,0,0
860,1774.08906882591,685.744939271255,26,331.251007080078,345.115051269531,0.959827780723572,0,0,0
861,1902.93785310734,736.666666666667,26,334.169494628906,379.491241455078,0.880572378635406,0,0,0
862,1157.021875,959.9875,26.196875,782.756225585938,637.630432128906,1.2276017665863,0,1,1
863,1861.04166666667,953.75,26,526.458312988281,441,1.19378304481506,0,0,0
864,1794.04316546763,1041.39568345324,26,497.079132080078,446.418609619141,1.11348211765289,0,0,0
865,1750.13725490196,1120.60130718954,26,445.052276611328,432.981140136719,1.02787911891937,0,0,0
866,1618.44553483808,1213.65554465162,27.6447497546614,432.408233642578,429.335540771484,1.00715684890747,0,0,0
867,1647.18710191083,1240.04697452229,28.2165605095541,407.441070556641,408.329132080078,0.997825145721436,0,0,1
868,971.344086021505,1320.26164874552,26,411.885314941406,392.483337402344,1.0494339466095,0,0,0
869,1603.48660714286,1350.46428571429,26,405.901794433594,375.658813476562,1.08050656318665,0,0,0
870,1689.28359133127,1367.27616099071,29.6829721362229,513.169677734375,407.814422607422,1.25834119319916,1,1,0
871,1069.3660130719,1383.94117647059,26.483660130719,429.287567138672,379.875,1.13007581233978,0,0,0
872,1169.95882352941,1428.08823529412,26.4382352941176,400.538238525391,383.859375,1.04345047473907,0,0,0
873,1299.50991189427,1435.5859030837,27.0418502202643,438.581512451172,389.868041992188,1.1249486207962,0,0,0
874,1565.536159601,1434.13965087282,26.9625935162095,417.224426269531,386.428558349609,1.07969355583191,0,0,0
875,1588.64075630252,1448.67647058824,27.0756302521008,420.97900390625,398.508117675781,1.05638754367828,0,0,0
876,1224.69111969112,1505.50579150579,26.5,398.611968994141,372.891906738281,1.06897461414337,0,0,0
877,1519.85012285012,1516.14496314496,26.972972972973,388.732177734375,361.112365722656,1.07648539543152,0,0,0
878,1842.66956521739,602.673913043478,27,323.434783935547,335.490203857422,0.96406626701355,0,0,0
879,1773.87102177554,677.180904522613,27.4455611390285,329.86767578125,355.042938232422,0.929092347621918,0,0,0
880,1135.92207792208,1030.0974025974,27,472.025970458984,421.523803710938,1.11980855464935,0,0,0
881,1050.1768115942,1118.73913043478,27.504347826087,465.281158447266,498.704406738281,0.932979822158813,0,0,0
882,972.847161572052,1328.08296943231,27,426.170318603516,397.728271484375,1.07151126861572,0,0,0
883,1604.9710982659,1348.2774566474,27,403.17919921875,369.655181884766,1.09069001674652,0,0,0
884,1395.50788954635,1556.57297830375,28.3934911242604,365.487182617188,357.55810546875,1.0221756696701,0,0,0
885,1841.27411167513,608.654822335025,28,336.598999023438,334.785705566406,1.00541627407074,0,0,0
886,970.962962962963,1328.93827160494,28,403.493835449219,417.827575683594,0.965694606304169,0,0,0
887,1226.18484848485,1459.88484848485,28,485.660614013672,392.810821533203,1.23637282848358,0,0,1
888,1223.29714285714,1506.92571428571,28,401.977142333984,380.235290527344,1.05718004703522,0,0,0
889,1249.43430656934,1565.23357664234,28.5255474452555,388.302917480469,366.202392578125,1.06035053730011,0,0,0
890,1301.07301587302,1429.54285714286,29.4666666666667,431.739685058594,410.121490478516,1.05271172523499,0,0,0
891,1565.52272727273,1433.43181818182,29,381.045440673828,364,1.04682815074921,0,0,0
892,1585.27868852459,1454.15983606557,29.9262295081967,418.326507568359,391.258850097656,1.06918096542358,0,0,1
893,1094.953125,1473.015625,29,419.8125,409.5,1.02518320083618,0,0,0
894,1228.11403508772,1502.91666666667,29,407.719299316406,376.482452392578,1.08297026157379,0,0,1
895,1177.79841897233,1608.01778656126,29.8794466403162,382.150207519531,354.365661621094,1.07840645313263,0,0,0
